label,num_encoder_layers,max_sequence_length,accuracy,energy_per_example_j,energy_per_correct_j,average_latency_per_example_ms,peak_gpu_memory_mb
12,12,128,0.930045871559633,0.21528696336786676,0.2314799408838222,3.011249336007854,692.2392578125
10,10,128,0.9162844036697247,0.1768379923368391,0.19299465496586196,2.5160940596308152,639.0380859375
8,8,128,0.786697247706422,0.14543966964278002,0.18487374916691568,2.0144428486223287,584.9619140625
6,6,128,0.680045871559633,0.1087199445109387,0.15987148670073956,1.5474596020627827,530.8857421875
4,4,128,0.4908256880733945,0.06581630702538167,0.13409303674330098,1.0282421043559742,476.8095703125
2,2,128,0.4908256880733945,0.030168270275141393,0.06146432635496097,0.5163447270648466,422.7333984375
