{
  "dataset_id": "squad_v2",
  "inference_energy": {
    "energy_joules": 2533.8674498355385,
    "joules_per_inference_batch": 3.338428787662106,
    "joules_per_inference_example": 0.2088237555493274,
    "joules_per_inference_token": 0.0011601840319536794,
    "number_of_inference_batches": 759,
    "number_of_inference_examples": 12134,
    "number_of_inference_tokens": 2184022,
    "phase": "inference"
  },
  "metrics": {
    "HasAns_exact": 75.74224021592443,
    "HasAns_f1": 83.7601018310101,
    "HasAns_total": 5928,
    "NoAns_exact": 0.0,
    "NoAns_f1": 0.0,
    "NoAns_total": 5945,
    "best_exact": 66.92495578202644,
    "best_exact_thresh": 0.15908174216747284,
    "best_f1": 69.41803655859204,
    "best_f1_thresh": 0.15908174216747284,
    "exact": 37.81689547713299,
    "f1": 41.82008621698205,
    "total": 11873
  },
  "metrics_thresholded": {
    "HasAns_exact": 54.689608636977056,
    "HasAns_f1": 58.88275702419238,
    "HasAns_total": 5928,
    "NoAns_exact": 78.3515559293524,
    "NoAns_f1": 78.3515559293524,
    "NoAns_total": 5945,
    "best_exact": 66.57963446475196,
    "best_exact_thresh": 0.055683016777038574,
    "best_f1": 68.65506603419779,
    "best_f1_thresh": 0.06324764341115952,
    "exact": 66.53752210898678,
    "f1": 68.63109438553123,
    "total": 11873
  },
  "model_name_or_path": "distilbert-base-uncased",
  "no_answer_probability_threshold": 0.06458,
  "run_identifier": "2026-03-05_10-20-45_baseline_squad_v2",
  "training_energy": {
    "energy_joules": 320696.5438412222,
    "joules_per_training_example": 1.217027732900793,
    "joules_per_training_step": 9.735778501555014,
    "joules_per_training_token": 0.007140821679430301,
    "number_of_training_examples": 263508,
    "number_of_training_steps": 32940,
    "number_of_training_tokens": 44910314,
    "phase": "training"
  }
}