{
  "average_latency_per_feature_window_milliseconds": 8.135592020868462,
  "average_latency_per_raw_example_milliseconds": 8.570020163817219,
  "effective_document_stride": 128,
  "inference_energy_joules": 7313.476927361486,
  "inference_runtime_seconds": 101.75184940500185,
  "joules_per_exact_match_correct_example": 0.8456841960408749,
  "joules_per_feature_window": 0.5847506938003907,
  "joules_per_inference_example": 0.6159754844909867,
  "joules_per_inference_token": 0.003267686120348938,
  "maximum_sequence_length": 320,
  "metrics_raw": {
    "HasAns_exact": 78.62685560053981,
    "HasAns_f1": 86.39876352442508,
    "HasAns_total": 5928,
    "NoAns_exact": 0.0,
    "NoAns_f1": 0.0,
    "NoAns_total": 5945,
    "best_exact": 72.90491030068222,
    "best_exact_thresh": 0.16434992849826813,
    "best_f1": 75.91389552389634,
    "best_f1_thresh": 0.2109348326921463,
    "exact": 39.257138044302195,
    "f1": 43.13752801926992,
    "total": 11873
  },
  "metrics_thresholded": {
    "HasAns_exact": 65.84008097165992,
    "HasAns_f1": 71.2597740037034,
    "HasAns_total": 5928,
    "NoAns_exact": 79.81497056349873,
    "NoAns_f1": 79.81497056349873,
    "NoAns_total": 5945,
    "best_exact": 72.88806535837615,
    "best_exact_thresh": 0.05391805246472359,
    "best_f1": 75.5519195059337,
    "best_f1_thresh": 0.06432481855154037,
    "exact": 72.83753053145793,
    "f1": 75.54349703478091,
    "total": 11873
  },
  "no_answer_probability_threshold": 0.06458,
  "number_of_energy_samples": 447,
  "number_of_feature_windows": 12507,
  "number_of_inference_tokens": 2238121,
  "number_of_raw_evaluation_examples": 11873
}