{
  "average_latency_per_feature_window_milliseconds": 4.226885213235658,
  "average_latency_per_raw_example_milliseconds": 7.761690509472232,
  "effective_document_stride": 80,
  "inference_energy_joules": 0.0,
  "inference_runtime_seconds": 92.15455141896382,
  "joules_per_exact_match_correct_example": 0.0,
  "joules_per_feature_window": 0.0,
  "joules_per_inference_example": 0.0,
  "joules_per_inference_token": 0.0,
  "maximum_sequence_length": 160,
  "metrics_raw": {
    "HasAns_exact": 58.28272604588394,
    "HasAns_f1": 65.94264752385702,
    "HasAns_total": 5928,
    "NoAns_exact": 0.050462573591253154,
    "NoAns_f1": 0.050462573591253154,
    "NoAns_total": 5945,
    "best_exact": 65.78792217636655,
    "best_exact_thresh": 0.0741366595029831,
    "best_f1": 67.92520646849793,
    "best_f1_thresh": 0.0741366595029831,
    "exact": 29.12490524719953,
    "f1": 32.94938217143304,
    "total": 11873
  },
  "metrics_thresholded": {
    "HasAns_exact": 46.62618083670715,
    "HasAns_f1": 50.85311958958914,
    "HasAns_total": 5928,
    "NoAns_exact": 84.7098402018503,
    "NoAns_f1": 84.7098402018503,
    "NoAns_total": 5945,
    "best_exact": 65.69527499368314,
    "best_exact_thresh": 0.06432530283927917,
    "best_f1": 67.80571826219881,
    "best_f1_thresh": 0.06435026228427887,
    "exact": 65.69527499368314,
    "f1": 67.80571826219864,
    "total": 11873
  },
  "no_answer_probability_threshold": 0.06458,
  "number_of_feature_windows": 21802,
  "number_of_inference_tokens": 3101322,
  "number_of_raw_evaluation_examples": 11873
}