{
  "average_latency_per_feature_window_milliseconds": 4.640483971657404,
  "average_latency_per_raw_example_milliseconds": 6.784650995030815,
  "effective_document_stride": 96,
  "inference_energy_joules": 5803.85640592337,
  "inference_runtime_seconds": 80.55416126400087,
  "joules_per_exact_match_correct_example": 0.7711741171835464,
  "joules_per_feature_window": 0.3343427850638499,
  "joules_per_inference_example": 0.4888281315525453,
  "joules_per_inference_token": 0.0021009571848516553,
  "maximum_sequence_length": 192,
  "metrics_raw": {
    "HasAns_exact": 61.774628879892035,
    "HasAns_f1": 70.40238727459139,
    "HasAns_total": 5928,
    "NoAns_exact": 0.01682085786375105,
    "NoAns_f1": 0.01682085786375105,
    "NoAns_total": 5945,
    "best_exact": 63.43805272466942,
    "best_exact_thresh": 0.04042397439479828,
    "best_f1": 65.90487150076223,
    "best_f1_thresh": 0.18856579065322876,
    "exact": 30.85151183357197,
    "f1": 35.159214331995095,
    "total": 11873
  },
  "metrics_thresholded": {
    "HasAns_exact": 44.41632928475034,
    "HasAns_f1": 48.886241137868346,
    "HasAns_total": 5928,
    "NoAns_exact": 82.3044575273339,
    "NoAns_f1": 82.3044575273339,
    "NoAns_total": 5945,
    "best_exact": 63.43805272466942,
    "best_exact_thresh": 0.04042397439479828,
    "best_f1": 65.64454118296013,
    "best_f1_thresh": 0.06377509981393814,
    "exact": 63.3875178977512,
    "f1": 65.61927376950085,
    "total": 11873
  },
  "no_answer_probability_threshold": 0.06458,
  "number_of_energy_samples": 357,
  "number_of_feature_windows": 17359,
  "number_of_inference_tokens": 2762482,
  "number_of_raw_evaluation_examples": 11873
}