{
  "average_latency_per_feature_window_milliseconds": 2.319962622136098,
  "average_latency_per_raw_example_milliseconds": 2.3709615477974744,
  "effective_document_stride": 128,
  "inference_energy_joules": 2030.4748678267003,
  "inference_runtime_seconds": 28.150426456999412,
  "joules_per_exact_match_correct_example": 0.25695708274192613,
  "joules_per_feature_window": 0.16733763539036595,
  "joules_per_inference_example": 0.17101616001235578,
  "joules_per_inference_token": 0.000929695244748771,
  "maximum_sequence_length": 384,
  "metrics_raw": {
    "HasAns_exact": 73.3468286099865,
    "HasAns_f1": 82.80869880785185,
    "HasAns_total": 5928,
    "NoAns_exact": 0.0,
    "NoAns_f1": 0.0,
    "NoAns_total": 5945,
    "best_exact": 66.588056935905,
    "best_exact_thresh": 0.06560483574867249,
    "best_f1": 69.72594270092887,
    "best_f1_thresh": 0.18476751446723938,
    "exact": 36.62090457340184,
    "f1": 41.345065824386914,
    "total": 11873
  },
  "metrics_thresholded": {
    "HasAns_exact": 54.41970310391363,
    "HasAns_f1": 60.05789592341372,
    "HasAns_total": 5928,
    "NoAns_exact": 78.65433137089991,
    "NoAns_f1": 78.65433137089991,
    "NoAns_total": 5945,
    "best_exact": 66.57121199359892,
    "best_exact_thresh": 0.05834583938121796,
    "best_f1": 69.37448050484274,
    "best_f1_thresh": 0.06394842267036438,
    "exact": 66.55436705129284,
    "f1": 69.36942702215082,
    "total": 11873
  },
  "model_parameter_dtype": "torch.float16",
  "no_answer_probability_threshold": 0.06458,
  "number_of_energy_samples": 126,
  "number_of_feature_windows": 12134,
  "number_of_inference_tokens": 2184022,
  "number_of_raw_evaluation_examples": 11873,
  "precision_mode": "fp16",
  "precision_skip_reason": null,
  "precision_supported": true
}