{
  "HasAns_exact": 54.36909581646424,
  "HasAns_f1": 60.02829570656653,
  "HasAns_total": 5928,
  "NoAns_exact": 78.65433137089991,
  "NoAns_f1": 78.65433137089991,
  "NoAns_total": 5945,
  "best_exact": 66.55436705129284,
  "best_exact_thresh": 0.03908805549144745,
  "best_f1": 69.35464810482001,
  "best_f1_thresh": 0.06436346471309662,
  "exact": 66.52909963783374,
  "f1": 69.35464810481989,
  "total": 11873
}