{
  "HasAns_exact": 73.29622132253711,
  "HasAns_f1": 82.77829530072769,
  "HasAns_total": 5928,
  "NoAns_exact": 0.0,
  "NoAns_f1": 0.0,
  "NoAns_total": 5945,
  "best_exact": 66.55436705129284,
  "best_exact_thresh": 0.03908805549144745,
  "best_f1": 69.69431884129189,
  "best_f1_thresh": 0.1826016753911972,
  "exact": 36.595637159942726,
  "f1": 41.32988583700108,
  "total": 11873
}