{
  "average_latency_per_feature_window_milliseconds": 4.5786628946933146,
  "average_latency_per_raw_example_milliseconds": 6.694265071084079,
  "effective_document_stride": 96,
  "inference_energy_joules": 5704.385699862242,
  "inference_runtime_seconds": 79.48100918898126,
  "joules_per_exact_match_correct_example": 0.7000964285545216,
  "joules_per_feature_window": 0.3286125756012583,
  "joules_per_inference_example": 0.48045024002882525,
  "joules_per_inference_token": 0.0020649494548244086,
  "maximum_sequence_length": 192,
  "metrics_raw": {
    "HasAns_exact": 65.77260458839406,
    "HasAns_f1": 73.83666959740191,
    "HasAns_total": 5928,
    "NoAns_exact": 0.01682085786375105,
    "NoAns_f1": 0.01682085786375105,
    "NoAns_total": 5945,
    "best_exact": 68.66840731070496,
    "best_exact_thresh": 0.05554972589015961,
    "best_f1": 71.07025823990377,
    "best_f1_thresh": 0.08571047335863113,
    "exact": 32.84763749684157,
    "f1": 36.87389685617775,
    "total": 11873
  },
  "metrics_thresholded": {
    "HasAns_exact": 52.90148448043185,
    "HasAns_f1": 57.68318769590464,
    "HasAns_total": 5928,
    "NoAns_exact": 84.30613961312027,
    "NoAns_f1": 84.30613961312027,
    "NoAns_total": 5945,
    "best_exact": 68.66840731070496,
    "best_exact_thresh": 0.05554972589015961,
    "best_f1": 71.0347509893938,
    "best_f1_thresh": 0.05938740074634552,
    "exact": 68.62629495493978,
    "f1": 71.01372329329763,
    "total": 11873
  },
  "no_answer_probability_threshold": 0.06458,
  "number_of_energy_samples": 348,
  "number_of_feature_windows": 17359,
  "number_of_inference_tokens": 2762482,
  "number_of_raw_evaluation_examples": 11873
}