{
  "average_latency_per_feature_window_milliseconds": 2.701950019599864,
  "average_latency_per_raw_example_milliseconds": 3.390124605573922,
  "effective_document_stride": 112,
  "inference_energy_joules": 2886.38817680478,
  "inference_runtime_seconds": 40.250949441979174,
  "joules_per_exact_match_correct_example": 0.3746123526028267,
  "joules_per_feature_window": 0.1937563386456857,
  "joules_per_inference_example": 0.243105211556033,
  "joules_per_inference_token": 0.0011388280552785156,
  "maximum_sequence_length": 224,
  "metrics_raw": {
    "HasAns_exact": 68.85964912280701,
    "HasAns_f1": 76.59892749523443,
    "HasAns_total": 5928,
    "NoAns_exact": 0.0,
    "NoAns_f1": 0.0,
    "NoAns_total": 5945,
    "best_exact": 65.13096942642971,
    "best_exact_thresh": 0.15878088772296906,
    "best_f1": 67.40130535829779,
    "best_f1_thresh": 0.15878088772296906,
    "exact": 34.38052724669418,
    "f1": 38.24462580575674,
    "total": 11873
  },
  "metrics_thresholded": {
    "HasAns_exact": 49.40958164642375,
    "HasAns_f1": 53.319461563717546,
    "HasAns_total": 5928,
    "NoAns_exact": 80.33641715727502,
    "NoAns_f1": 80.33641715727502,
    "NoAns_total": 5945,
    "best_exact": 64.92040764760381,
    "best_exact_thresh": 0.06324752420186996,
    "best_f1": 66.87125271913884,
    "best_f1_thresh": 0.06324752420186996,
    "exact": 64.8951402341447,
    "f1": 66.84728107047229,
    "total": 11873
  },
  "no_answer_probability_threshold": 0.06458,
  "number_of_energy_samples": 177,
  "number_of_feature_windows": 14897,
  "number_of_inference_tokens": 2534525,
  "number_of_raw_evaluation_examples": 11873
}