label,num_encoder_layers,max_sequence_length,accuracy,f1,energy_per_example_j,energy_per_correct_j,average_latency_per_example_ms,peak_gpu_memory_mb
12,12,128,0.910390625,0.8781472431743333,0.2246296635940049,0.24673986904687742,3.089901551953176,692.2392578125
10,10,128,0.742734375,0.731905886184157,0.19318994799816278,0.26010637786646507,2.685970368984556,639.0380859375
8,8,128,0.683125,0.6942559927634554,0.15936187292306025,0.23328362001545874,2.2120365791406016,584.9619140625
6,6,128,0.625234375,0.659182948490231,0.12353482457939383,0.19758162621719866,1.7179649453126444,530.8857421875
4,4,128,0.71546875,0.6867366248064682,0.08267116637000821,0.11554825611881471,1.153768366093857,476.8095703125
2,2,128,0.637109375,0.0,0.04087852268781834,0.06416248809369401,0.5848184042966409,422.7333984375
