{
  "average_latency_per_feature_window_milliseconds": 6.815755315646231,
  "average_latency_per_raw_example_milliseconds": 7.88751604792211,
  "effective_document_stride": 128,
  "inference_energy_joules": 6724.23681937933,
  "inference_runtime_seconds": 93.64847803697921,
  "joules_per_exact_match_correct_example": 0.7970882905855061,
  "joules_per_feature_window": 0.48939132601014046,
  "joules_per_inference_example": 0.5663469063740697,
  "joules_per_inference_token": 0.002783038967952444,
  "maximum_sequence_length": 256,
  "metrics_raw": {
    "HasAns_exact": 73.6336032388664,
    "HasAns_f1": 82.1407462155014,
    "HasAns_total": 5928,
    "NoAns_exact": 0.0,
    "NoAns_f1": 0.0,
    "NoAns_total": 5945,
    "best_exact": 71.11934641623853,
    "best_exact_thresh": 0.05494474247097969,
    "best_f1": 74.00323451506077,
    "best_f1_thresh": 0.08541744947433472,
    "exact": 36.764086583003454,
    "f1": 41.01156772218414,
    "total": 11873
  },
  "metrics_thresholded": {
    "HasAns_exact": 60.77935222672065,
    "HasAns_f1": 66.4806091975096,
    "HasAns_total": 5928,
    "NoAns_exact": 81.29520605550883,
    "NoAns_f1": 81.29520605550883,
    "NoAns_total": 5945,
    "best_exact": 71.11934641623853,
    "best_exact_thresh": 0.05494474247097969,
    "best_f1": 73.93122574895256,
    "best_f1_thresh": 0.05526597052812576,
    "exact": 71.05196664701424,
    "f1": 73.89851354525705,
    "total": 11873
  },
  "no_answer_probability_threshold": 0.06458,
  "number_of_energy_samples": 411,
  "number_of_feature_windows": 13740,
  "number_of_inference_tokens": 2416149,
  "number_of_raw_evaluation_examples": 11873
}