{
  "average_executed_layer_count": 5.291907038074831,
  "average_exited_layer": 5.291907038074831,
  "average_latency_per_feature_window_milliseconds": 6.385206547633877,
  "average_latency_per_raw_example_milliseconds": 6.525570306492837,
  "early_exit_confidence_threshold": 0.7,
  "effective_document_stride": 128,
  "exit_layer_histogram": {
    "12": 621,
    "4": 8836,
    "8": 2677
  },
  "inference_energy_joules": 5366.471671646834,
  "inference_runtime_seconds": 77.47809624898946,
  "joules_per_inference_example": 0.45198952848031954,
  "joules_per_inference_feature_window": 0.4422673208873277,
  "joules_per_inference_token": 0.0024571509223106883,
  "maximum_sequence_length": 384,
  "measured_feature_windows": 12134,
  "measured_inference_tokens": 2184022,
  "measured_raw_examples": 11873,
  "metrics_raw": {
    "HasAns_exact": 66.91970310391363,
    "HasAns_f1": 77.1649178254625,
    "HasAns_total": 5928,
    "NoAns_exact": 0.0,
    "NoAns_f1": 0.0,
    "NoAns_total": 5945,
    "best_exact": 62.09045734018361,
    "best_exact_thresh": 0.11263326555490494,
    "best_f1": 65.22835161236355,
    "best_f1_thresh": 0.22296835482120514,
    "exact": 33.411943064095006,
    "f1": 38.527215772706285,
    "total": 11873
  },
  "metrics_thresholded": {
    "HasAns_exact": 46.33940620782726,
    "HasAns_f1": 52.04911626247503,
    "HasAns_total": 5928,
    "NoAns_exact": 77.19091673675358,
    "NoAns_f1": 77.19091673675358,
    "NoAns_total": 5945,
    "best_exact": 61.82936073443948,
    "best_exact_thresh": 0.057044100016355515,
    "best_f1": 64.66689281115232,
    "best_f1_thresh": 0.06239427253603935,
    "exact": 61.787248378674306,
    "f1": 64.63801576719885,
    "total": 11873
  },
  "number_of_energy_samples": 342,
  "number_of_feature_windows": 12134,
  "number_of_inference_tokens": 2184022,
  "number_of_measurement_passes": 1,
  "number_of_raw_evaluation_examples": 11873
}