{
  "HasAns_exact": 77.76653171390014,
  "HasAns_f1": 86.340095058822,
  "HasAns_total": 5928,
  "NoAns_exact": 0.0,
  "NoAns_f1": 0.0,
  "NoAns_total": 5945,
  "best_exact": 73.07335972374294,
  "best_exact_thresh": 0.007931102998554707,
  "best_f1": 76.08213023063142,
  "best_f1_thresh": 0.09729227423667908,
  "exact": 38.827592015497345,
  "f1": 43.10823578781242,
  "total": 11873
}