{
  "HasAns_exact": 66.59919028340082,
  "HasAns_f1": 73.06731066017753,
  "HasAns_total": 5928,
  "NoAns_exact": 78.78889823380993,
  "NoAns_f1": 78.78889823380993,
  "NoAns_total": 5945,
  "best_exact": 73.07335972374294,
  "best_exact_thresh": 0.007931102998554707,
  "best_f1": 76.0149141097194,
  "best_f1_thresh": 0.035177264362573624,
  "exact": 72.70277099300935,
  "f1": 75.93220058902824,
  "total": 11873
}