{
  "average_latency_per_feature_window_milliseconds": 2.247779668946666,
  "average_latency_per_raw_example_milliseconds": 2.297191822033087,
  "effective_document_stride": 128,
  "inference_energy_joules": 1950.8072237586973,
  "inference_runtime_seconds": 27.274558502998843,
  "joules_per_exact_match_correct_example": 0.32101484675970005,
  "joules_per_feature_window": 0.16077198151958935,
  "joules_per_inference_example": 0.16430617567242461,
  "joules_per_inference_token": 0.0024647119991392206,
  "maximum_sequence_length": 384,
  "metrics_raw": {
    "HasAns_exact": 24.24089068825911,
    "HasAns_f1": 37.25516643699846,
    "HasAns_total": 5928,
    "NoAns_exact": 0.3700588730025231,
    "NoAns_f1": 0.3700588730025231,
    "NoAns_total": 5945,
    "best_exact": 52.24458856228417,
    "best_exact_thresh": 0.0036783586256206036,
    "best_f1": 53.89565946396608,
    "best_f1_thresh": 0.02636820450425148,
    "exact": 12.288385412279963,
    "f1": 18.786206235873568,
    "total": 11873
  },
  "metrics_thresholded": {
    "HasAns_exact": 14.439946018893387,
    "HasAns_f1": 19.785159917379698,
    "HasAns_total": 5928,
    "NoAns_exact": 87.82169890664424,
    "NoAns_f1": 87.82169890664424,
    "NoAns_total": 5945,
    "best_exact": 52.24458856228417,
    "best_exact_thresh": 0.0036783586256206036,
    "best_f1": 53.89565946396608,
    "best_f1_thresh": 0.02636820450425148,
    "exact": 51.1833571970016,
    "f1": 53.85213745390607,
    "total": 11873
  },
  "no_answer_probability_threshold": 0.06458,
  "number_of_context_tokens_after_pruning": 604812,
  "number_of_context_tokens_before_pruning": 1997658,
  "number_of_energy_samples": 122,
  "number_of_feature_windows": 12134,
  "number_of_inference_tokens": 791495,
  "number_of_raw_evaluation_examples": 11873,
  "realized_context_keep_ratio": 0.3027605325836555,
  "token_pruning_keep_ratio": 0.3,
  "token_pruning_keep_ratio_label": "0.30"
}