{
  "average_latency_per_feature_window_milliseconds": 1.1219445587598595,
  "average_latency_per_raw_example_milliseconds": 1.1466078729884728,
  "effective_document_stride": 128,
  "inference_energy_joules": 945.5373277080058,
  "inference_runtime_seconds": 13.613675275992136,
  "joules_per_exact_match_correct_example": 0.17092142583297285,
  "joules_per_feature_window": 0.07792461906279922,
  "joules_per_inference_example": 0.07963760866739711,
  "joules_per_inference_token": 0.001194431840120469,
  "maximum_sequence_length": 384,
  "metrics_raw": {
    "HasAns_exact": 17.004048582995953,
    "HasAns_f1": 33.12959799408109,
    "HasAns_total": 5928,
    "NoAns_exact": 0.6728343145500421,
    "NoAns_f1": 0.6728343145500421,
    "NoAns_total": 5945,
    "best_exact": 50.11370336056599,
    "best_exact_thresh": 2.0156548998784274e-05,
    "best_f1": 51.10894119010423,
    "best_f1_thresh": 0.0009913831017911434,
    "exact": 8.826749768382044,
    "f1": 16.877980031071562,
    "total": 11873
  },
  "metrics_thresholded": {
    "HasAns_exact": 9.969635627530364,
    "HasAns_f1": 16.69380260713285,
    "HasAns_total": 5928,
    "NoAns_exact": 83.11185870479395,
    "NoAns_f1": 83.11185870479395,
    "NoAns_total": 5945,
    "best_exact": 50.11370336056599,
    "best_exact_thresh": 2.0156548998784274e-05,
    "best_f1": 51.10894119010423,
    "best_f1_thresh": 0.0009913831017911434,
    "exact": 46.593110418596815,
    "f1": 49.950380009692886,
    "total": 11873
  },
  "no_answer_probability_threshold": 0.06458,
  "number_of_context_tokens_after_pruning": 604812,
  "number_of_context_tokens_before_pruning": 1997658,
  "number_of_energy_samples": 60,
  "number_of_feature_windows": 12134,
  "number_of_inference_tokens": 791621,
  "number_of_raw_evaluation_examples": 11873,
  "realized_context_keep_ratio": 0.3027605325836555,
  "token_pruning_keep_ratio": 0.3,
  "token_pruning_keep_ratio_label": "0.30"
}