{
  "average_latency_per_feature_window_milliseconds": 4.4852037265976685,
  "average_latency_per_raw_example_milliseconds": 6.5576224618890695,
  "effective_document_stride": 96,
  "inference_energy_joules": 5592.459311327936,
  "inference_runtime_seconds": 77.85865149000892,
  "joules_per_exact_match_correct_example": 0.6845115436141904,
  "joules_per_feature_window": 0.3221648315760088,
  "joules_per_inference_example": 0.471023272241888,
  "joules_per_inference_token": 0.0020244328510838935,
  "maximum_sequence_length": 192,
  "metrics_raw": {
    "HasAns_exact": 66.66666666666667,
    "HasAns_f1": 74.20126730967444,
    "HasAns_total": 5928,
    "NoAns_exact": 0.0,
    "NoAns_f1": 0.0,
    "NoAns_total": 5945,
    "best_exact": 68.89581403183693,
    "best_exact_thresh": 0.07413659244775772,
    "best_f1": 71.40990616806717,
    "best_f1_thresh": 0.21315284073352814,
    "exact": 33.28560599679946,
    "f1": 37.047512221995284,
    "total": 11873
  },
  "metrics_thresholded": {
    "HasAns_exact": 54.87516869095816,
    "HasAns_f1": 59.566887357998155,
    "HasAns_total": 5928,
    "NoAns_exact": 82.70815811606391,
    "NoAns_f1": 82.70815811606391,
    "NoAns_total": 5945,
    "best_exact": 68.82001179145962,
    "best_exact_thresh": 0.0632774829864502,
    "best_f1": 71.1625122764434,
    "best_f1_thresh": 0.0643247589468956,
    "exact": 68.81158932030658,
    "f1": 71.1540898052904,
    "total": 11873
  },
  "no_answer_probability_threshold": 0.06458,
  "number_of_energy_samples": 342,
  "number_of_feature_windows": 17359,
  "number_of_inference_tokens": 2762482,
  "number_of_raw_evaluation_examples": 11873
}