{
  "average_latency_per_feature_window_milliseconds": 5.707268537692159,
  "average_latency_per_raw_example_milliseconds": 7.160884309441599,
  "effective_document_stride": 112,
  "inference_energy_joules": 6141.465341364149,
  "inference_runtime_seconds": 85.0211794060001,
  "joules_per_exact_match_correct_example": 0.7340981761133336,
  "joules_per_feature_window": 0.4122618877199536,
  "joules_per_inference_example": 0.5172631467501179,
  "joules_per_inference_token": 0.0024231228105322097,
  "maximum_sequence_length": 224,
  "metrics_raw": {
    "HasAns_exact": 70.83333333333333,
    "HasAns_f1": 79.37786232380881,
    "HasAns_total": 5928,
    "NoAns_exact": 0.0,
    "NoAns_f1": 0.0,
    "NoAns_total": 5945,
    "best_exact": 70.75718015665797,
    "best_exact_thresh": 0.007931260392069817,
    "best_f1": 73.53691118205843,
    "best_f1_thresh": 0.09650242328643799,
    "exact": 35.365956371599424,
    "f1": 39.63210375267739,
    "total": 11873
  },
  "metrics_thresholded": {
    "HasAns_exact": 60.408232118758434,
    "HasAns_f1": 66.38964035453219,
    "HasAns_total": 5928,
    "NoAns_exact": 80.48780487804878,
    "NoAns_f1": 80.48780487804878,
    "NoAns_total": 5945,
    "best_exact": 70.75718015665797,
    "best_exact_thresh": 0.007931260392069817,
    "best_f1": 73.5266950313488,
    "best_f1_thresh": 0.03410859405994415,
    "exact": 70.4623936663017,
    "f1": 73.44881563393135,
    "total": 11873
  },
  "no_answer_probability_threshold": 0.06458,
  "number_of_energy_samples": 377,
  "number_of_feature_windows": 14897,
  "number_of_inference_tokens": 2534525,
  "number_of_raw_evaluation_examples": 11873
}