{
  "average_latency_per_feature_window_milliseconds": 2.2742464175020385,
  "average_latency_per_raw_example_milliseconds": 2.3242403798508997,
  "effective_document_stride": 128,
  "inference_energy_joules": 1958.7123805081844,
  "inference_runtime_seconds": 27.595706029969733,
  "joules_per_exact_match_correct_example": 0.33288789607549024,
  "joules_per_feature_window": 0.16142346963146403,
  "joules_per_inference_example": 0.16497198521925246,
  "joules_per_inference_token": 0.0024743119865846884,
  "maximum_sequence_length": 384,
  "metrics_raw": {
    "HasAns_exact": 16.885964912280702,
    "HasAns_f1": 33.324837800382134,
    "HasAns_total": 5928,
    "NoAns_exact": 1.2447434819175778,
    "NoAns_f1": 1.2447434819175778,
    "NoAns_total": 5945,
    "best_exact": 51.259159437378926,
    "best_exact_thresh": 0.00031392494565807283,
    "best_f1": 53.28714023484688,
    "best_f1_thresh": 0.012319524772465229,
    "exact": 9.054156489514023,
    "f1": 17.261824179286222,
    "total": 11873
  },
  "metrics_thresholded": {
    "HasAns_exact": 9.784075573549257,
    "HasAns_f1": 16.63794837835986,
    "HasAns_total": 5928,
    "NoAns_exact": 89.21783010933558,
    "NoAns_f1": 89.21783010933558,
    "NoAns_total": 5945,
    "best_exact": 51.259159437378926,
    "best_exact_thresh": 0.00031392494565807283,
    "best_f1": 53.28714023484688,
    "best_f1_thresh": 0.012319524772465229,
    "exact": 49.5578202644656,
    "f1": 52.979849910462164,
    "total": 11873
  },
  "no_answer_probability_threshold": 0.06458,
  "number_of_context_tokens_after_pruning": 604812,
  "number_of_context_tokens_before_pruning": 1997658,
  "number_of_energy_samples": 122,
  "number_of_feature_windows": 12134,
  "number_of_inference_tokens": 791619,
  "number_of_raw_evaluation_examples": 11873,
  "realized_context_keep_ratio": 0.3027605325836555,
  "token_pruning_keep_ratio": 0.3,
  "token_pruning_keep_ratio_label": "0.30"
}