label,max_sequence_length,doc_stride,exact_match,f1,energy_per_example_j,energy_per_correct_j,average_latency_per_example_ms,peak_gpu_memory_mb
max_sequence_length_384,384,128,81.07852412488174,88.36339427647245,0.6666346180681045,0.8222086246184206,9.275533549479661,625.09521484375
max_sequence_length_320,320,128,81.13528855250709,88.37771981907184,0.6296721381810582,0.7760767841154134,8.751863644844056,592.9306640625
max_sequence_length_256,256,128,81.03122043519394,88.28846117253222,0.5559548738801707,0.6860995933348984,7.727573668685994,558.89111328125
max_sequence_length_224,224,112,80.93661305581836,88.15153928438082,0.5128738599894049,0.6336734891978971,7.127473488552863,542.13720703125
max_sequence_length_192,192,96,80.81362346263009,88.00730907148653,0.4794232895364368,0.5932456298759233,6.6564261342470745,525.4140625
max_sequence_length_160,160,80,80.63386944181646,87.84364365495735,0.5517628747246509,0.684281777054976,7.657207462819839,508.72265625
max_sequence_length_128,128,64,79.6972563859981,86.91279864234038,0.6221535350746716,0.7806461141665811,8.647588546546835,492.06201171875
