{
  "average_latency_per_feature_window_milliseconds": 1.379948807981021,
  "average_latency_per_raw_example_milliseconds": 1.410283739243806,
  "effective_document_stride": 128,
  "inference_energy_joules": 1166.8331004774568,
  "inference_runtime_seconds": 16.744298836041708,
  "joules_per_exact_match_correct_example": 0.20183931853960504,
  "joules_per_feature_window": 0.09616227958442862,
  "joules_per_inference_example": 0.09827618129179287,
  "joules_per_inference_token": 0.001177570185428191,
  "maximum_sequence_length": 384,
  "metrics_raw": {
    "HasAns_exact": 23.92037786774629,
    "HasAns_f1": 42.20117755886151,
    "HasAns_total": 5928,
    "NoAns_exact": 0.4373423044575273,
    "NoAns_f1": 0.4373423044575273,
    "NoAns_total": 5945,
    "best_exact": 50.736966225890676,
    "best_exact_thresh": 0.0015420339768752456,
    "best_f1": 53.20872988995856,
    "best_f1_thresh": 0.011748907156288624,
    "exact": 12.162048344984418,
    "f1": 21.289360782357534,
    "total": 11873
  },
  "metrics_thresholded": {
    "HasAns_exact": 15.367746288798921,
    "HasAns_f1": 24.06652795777735,
    "HasAns_total": 5928,
    "NoAns_exact": 81.91757779646763,
    "NoAns_f1": 81.91757779646763,
    "NoAns_total": 5945,
    "best_exact": 50.736966225890676,
    "best_exact_thresh": 0.0015420339768752456,
    "best_f1": 53.20872988995856,
    "best_f1_thresh": 0.011748907156288624,
    "exact": 48.69030573570286,
    "f1": 53.03346902498982,
    "total": 11873
  },
  "no_answer_probability_threshold": 0.06458,
  "number_of_context_tokens_after_pruning": 804075,
  "number_of_context_tokens_before_pruning": 1997658,
  "number_of_energy_samples": 74,
  "number_of_feature_windows": 12134,
  "number_of_inference_tokens": 990882,
  "number_of_raw_evaluation_examples": 11873,
  "realized_context_keep_ratio": 0.40250883784912134,
  "token_pruning_keep_ratio": 0.4,
  "token_pruning_keep_ratio_label": "0.40"
}