{
  "average_latency_per_feature_window_milliseconds": 5.826802861918141,
  "average_latency_per_raw_example_milliseconds": 7.310863491450733,
  "effective_document_stride": 112,
  "inference_energy_joules": 6229.5231629323935,
  "inference_runtime_seconds": 86.80188223399455,
  "joules_per_exact_match_correct_example": 0.7468556723333405,
  "joules_per_feature_window": 0.41817299878716474,
  "joules_per_inference_example": 0.5246797913696954,
  "joules_per_inference_token": 0.0024578661338642916,
  "maximum_sequence_length": 224,
  "metrics_raw": {
    "HasAns_exact": 71.17071524966262,
    "HasAns_f1": 79.590574523425,
    "HasAns_total": 5928,
    "NoAns_exact": 0.0,
    "NoAns_f1": 0.0,
    "NoAns_total": 5945,
    "best_exact": 70.32763412785312,
    "best_exact_thresh": 0.05584215745329857,
    "best_f1": 72.9552165574408,
    "best_f1_thresh": 0.05584215745329857,
    "exact": 35.53440579466015,
    "f1": 39.738307569684444,
    "total": 11873
  },
  "metrics_thresholded": {
    "HasAns_exact": 58.31646423751687,
    "HasAns_f1": 63.629487879339855,
    "HasAns_total": 5928,
    "NoAns_exact": 82.15306980656014,
    "NoAns_f1": 82.15306980656014,
    "NoAns_total": 5945,
    "best_exact": 70.32763412785312,
    "best_exact_thresh": 0.05584215745329857,
    "best_f1": 72.9552165574408,
    "best_f1_thresh": 0.05584215745329857,
    "exact": 70.25183188747579,
    "f1": 72.90454006137679,
    "total": 11873
  },
  "no_answer_probability_threshold": 0.06458,
  "number_of_energy_samples": 381,
  "number_of_feature_windows": 14897,
  "number_of_inference_tokens": 2534525,
  "number_of_raw_evaluation_examples": 11873
}