label,num_encoder_layers,max_sequence_length,exact_match,f1,energy_per_example_j,energy_per_correct_j,average_latency_per_example_ms,peak_gpu_memory_mb
12,12,384,81.07852412488174,88.36339427647245,0.6759027194878289,0.833639643522328,9.384481006717103,625.09521484375
10,10,384,65.75212866603596,75.96336362341323,0.7162348069561187,1.0892952387807446,9.960116217407217,626.22021484375
8,8,384,22.412488174077577,33.255330539800035,0.7146191214648677,3.1884863292037364,9.938512675875186,626.22021484375
6,6,384,2.5260170293282878,11.202012891313352,0.7145518648725568,28.28768993147163,9.93742775742645,626.22021484375
4,4,384,1.1163670766319773,7.551889341076841,0.7146421114446947,64.01497557602053,9.935694092620274,626.22021484375
2,2,384,0.3595080416272469,6.717779416183886,0.7159070349608019,199.1351936719915,9.951319784578741,626.22021484375
