{
  "average_latency_per_feature_window_milliseconds": 4.897775006921193,
  "average_latency_per_raw_example_milliseconds": 5.0054410792539175,
  "effective_document_stride": 128,
  "inference_energy_joules": 4268.8371147561065,
  "inference_runtime_seconds": 59.42960193398176,
  "joules_per_exact_match_correct_example": 0.5518858584041508,
  "joules_per_feature_window": 0.35180790462799627,
  "joules_per_inference_example": 0.3595415745604402,
  "joules_per_inference_token": 0.00238567151741322,
  "maximum_sequence_length": 384,
  "metrics_raw": {
    "HasAns_exact": 61.11673414304993,
    "HasAns_f1": 77.04429343012752,
    "HasAns_total": 5928,
    "NoAns_exact": 0.20185029436501262,
    "NoAns_f1": 0.20185029436501262,
    "NoAns_total": 5945,
    "best_exact": 65.31626379179652,
    "best_exact_thresh": 0.04007880762219429,
    "best_f1": 70.96899162999748,
    "best_f1_thresh": 0.18547150492668152,
    "exact": 30.615682641286952,
    "f1": 38.56805958509189,
    "total": 11873
  },
  "metrics_thresholded": {
    "HasAns_exact": 49.61201079622132,
    "HasAns_f1": 60.955205565078415,
    "HasAns_total": 5928,
    "NoAns_exact": 80.63919259882255,
    "NoAns_f1": 80.63919259882255,
    "NoAns_total": 5945,
    "best_exact": 65.31626379179652,
    "best_exact_thresh": 0.04007880762219429,
    "best_f1": 70.80786189708351,
    "best_f1_thresh": 0.05762861669063568,
    "exact": 65.14781436873578,
    "f1": 70.81129104605279,
    "total": 11873
  },
  "no_answer_probability_threshold": 0.06458,
  "number_of_context_tokens_after_pruning": 1602938,
  "number_of_context_tokens_before_pruning": 1997658,
  "number_of_energy_samples": 263,
  "number_of_feature_windows": 12134,
  "number_of_inference_tokens": 1789365,
  "number_of_raw_evaluation_examples": 11873,
  "realized_context_keep_ratio": 0.8024086204945992,
  "token_pruning_keep_ratio": 0.8,
  "token_pruning_keep_ratio_label": "0.80"
}