{
  "average_latency_per_feature_window_milliseconds": 4.878979039719862,
  "average_latency_per_raw_example_milliseconds": 4.986231926889649,
  "effective_document_stride": 128,
  "inference_energy_joules": 4258.80288459897,
  "inference_runtime_seconds": 59.20153166796081,
  "joules_per_exact_match_correct_example": 0.5555443366291378,
  "joules_per_feature_window": 0.3509809530739221,
  "joules_per_inference_example": 0.35869644442002613,
  "joules_per_inference_token": 0.002380065143033486,
  "maximum_sequence_length": 384,
  "metrics_raw": {
    "HasAns_exact": 60.47570850202429,
    "HasAns_f1": 76.22686721553738,
    "HasAns_total": 5928,
    "NoAns_exact": 0.31959629941127,
    "NoAns_f1": 0.31959629941127,
    "NoAns_total": 5945,
    "best_exact": 64.58350880148235,
    "best_exact_thresh": 0.04726444184780121,
    "best_f1": 70.21602590399608,
    "best_f1_thresh": 0.09631869196891785,
    "exact": 30.354586035542827,
    "f1": 38.2188889795086,
    "total": 11873
  },
  "metrics_thresholded": {
    "HasAns_exact": 47.486504723346826,
    "HasAns_f1": 58.447977458505605,
    "HasAns_total": 5928,
    "NoAns_exact": 81.59798149705635,
    "NoAns_f1": 81.59798149705635,
    "NoAns_total": 5945,
    "best_exact": 64.58350880148235,
    "best_exact_thresh": 0.04726444184780121,
    "best_f1": 70.0227260421506,
    "best_f1_thresh": 0.059420596808195114,
    "exact": 64.56666385917629,
    "f1": 70.03955279828361,
    "total": 11873
  },
  "no_answer_probability_threshold": 0.06458,
  "number_of_context_tokens_after_pruning": 1602938,
  "number_of_context_tokens_before_pruning": 1997658,
  "number_of_energy_samples": 262,
  "number_of_feature_windows": 12134,
  "number_of_inference_tokens": 1789364,
  "number_of_raw_evaluation_examples": 11873,
  "realized_context_keep_ratio": 0.8024086204945992,
  "token_pruning_keep_ratio": 0.8,
  "token_pruning_keep_ratio_label": "0.80"
}