{
  "average_latency_per_feature_window_milliseconds": 3.785397850831624,
  "average_latency_per_raw_example_milliseconds": 3.868610925797265,
  "effective_document_stride": 128,
  "inference_energy_joules": 3283.0306256878366,
  "inference_runtime_seconds": 45.93201752199093,
  "joules_per_exact_match_correct_example": 0.4798349350610694,
  "joules_per_feature_window": 0.270564580986306,
  "joules_per_inference_example": 0.2765123073939052,
  "joules_per_inference_token": 0.002362077764146855,
  "maximum_sequence_length": 384,
  "metrics_raw": {
    "HasAns_exact": 41.91970310391363,
    "HasAns_f1": 61.161157800222504,
    "HasAns_total": 5928,
    "NoAns_exact": 0.8915054667788057,
    "NoAns_f1": 0.8915054667788057,
    "NoAns_total": 5945,
    "best_exact": 57.93817906173671,
    "best_exact_thresh": 0.011966103687882423,
    "best_f1": 63.13278860253332,
    "best_f1_thresh": 0.056088127195835114,
    "exact": 21.37623178640613,
    "f1": 30.983183983805187,
    "total": 11873
  },
  "metrics_thresholded": {
    "HasAns_exact": 29.01484480431849,
    "HasAns_f1": 40.1696323548609,
    "HasAns_total": 5928,
    "NoAns_exact": 86.15643397813288,
    "NoAns_f1": 86.15643397813288,
    "NoAns_total": 5945,
    "best_exact": 57.93817906173671,
    "best_exact_thresh": 0.011966103687882423,
    "best_f1": 63.13278860253332,
    "best_f1_thresh": 0.056088127195835114,
    "exact": 57.62654762907437,
    "f1": 63.19595557985474,
    "total": 11873
  },
  "no_answer_probability_threshold": 0.06458,
  "number_of_context_tokens_after_pruning": 1203294,
  "number_of_context_tokens_before_pruning": 1997658,
  "number_of_energy_samples": 203,
  "number_of_feature_windows": 12134,
  "number_of_inference_tokens": 1389891,
  "number_of_raw_evaluation_examples": 11873,
  "realized_context_keep_ratio": 0.6023523546072451,
  "token_pruning_keep_ratio": 0.6,
  "token_pruning_keep_ratio_label": "0.60"
}