{
  "average_latency_per_feature_window_milliseconds": 2.7758717691612627,
  "average_latency_per_raw_example_milliseconds": 2.836892785901016,
  "effective_document_stride": 128,
  "inference_energy_joules": 2407.4788187623026,
  "inference_runtime_seconds": 33.68242804700276,
  "joules_per_exact_match_correct_example": 0.38643319723311437,
  "joules_per_feature_window": 0.19840768244291268,
  "joules_per_inference_example": 0.20276920902571402,
  "joules_per_inference_token": 0.0024297057671199157,
  "maximum_sequence_length": 384,
  "metrics_raw": {
    "HasAns_exact": 25.11808367071525,
    "HasAns_f1": 43.201417026968464,
    "HasAns_total": 5928,
    "NoAns_exact": 1.665264928511354,
    "NoAns_f1": 1.665264928511354,
    "NoAns_total": 5945,
    "best_exact": 52.90996378337404,
    "best_exact_thresh": 0.013069855980575085,
    "best_f1": 56.39144087183557,
    "best_f1_thresh": 0.10609851777553558,
    "exact": 13.374884191021646,
    "f1": 22.403604829097034,
    "total": 11873
  },
  "metrics_thresholded": {
    "HasAns_exact": 14.743589743589743,
    "HasAns_f1": 22.32628053382125,
    "HasAns_total": 5928,
    "NoAns_exact": 90.09251471825063,
    "NoAns_f1": 90.09251471825063,
    "NoAns_total": 5945,
    "best_exact": 52.90996378337404,
    "best_exact_thresh": 0.013069855980575085,
    "best_f1": 56.29099259087237,
    "best_f1_thresh": 0.044418592005968094,
    "exact": 52.471995283416156,
    "f1": 56.25791215400425,
    "total": 11873
  },
  "no_answer_probability_threshold": 0.06458,
  "number_of_context_tokens_after_pruning": 804075,
  "number_of_context_tokens_before_pruning": 1997658,
  "number_of_energy_samples": 149,
  "number_of_feature_windows": 12134,
  "number_of_inference_tokens": 990852,
  "number_of_raw_evaluation_examples": 11873,
  "realized_context_keep_ratio": 0.40250883784912134,
  "token_pruning_keep_ratio": 0.4,
  "token_pruning_keep_ratio_label": "0.40"
}