{
  "HasAns_exact": 66.8353576248313,
  "HasAns_f1": 72.41681640758985,
  "HasAns_total": 5928,
  "NoAns_exact": 79.51219512195122,
  "NoAns_f1": 79.51219512195122,
  "NoAns_total": 5945,
  "best_exact": 73.21654173334457,
  "best_exact_thresh": 0.05072829872369766,
  "best_f1": 75.97800788883933,
  "best_f1_thresh": 0.06432481855154037,
  "exact": 73.18285184873241,
  "f1": 75.96958541768657,
  "total": 11873
}