label,precision,max_sequence_length,accuracy,energy_per_example_j,energy_per_correct_j,average_latency_per_example_ms,peak_gpu_memory_mb
fp32,fp32,128,0.930045871559633,0.21677509101420428,0.2330799992162591,3.0127953497717375,692.2392578125
fp16,fp16,128,0.930045871559633,0.048547360647484,0.0521988883903897,0.7891564220215413,795.1513671875
