{
  "average_latency_per_feature_window_milliseconds": 4.794660780616375,
  "average_latency_per_raw_example_milliseconds": 4.900060129032181,
  "effective_document_stride": 128,
  "inference_energy_joules": 4197.893934730293,
  "inference_runtime_seconds": 58.17841391199909,
  "joules_per_exact_match_correct_example": 0.5643089037142482,
  "joules_per_feature_window": 0.345961260485437,
  "joules_per_inference_example": 0.35356640568771946,
  "joules_per_inference_token": 0.0023458867344690287,
  "maximum_sequence_length": 384,
  "metrics_raw": {
    "HasAns_exact": 61.65654520917679,
    "HasAns_f1": 74.78595373183899,
    "HasAns_total": 5928,
    "NoAns_exact": 0.11774600504625736,
    "NoAns_f1": 0.11774600504625736,
    "NoAns_total": 5945,
    "best_exact": 62.95797186894635,
    "best_exact_thresh": 0.0268815029412508,
    "best_f1": 66.67035916093948,
    "best_f1_thresh": 0.18450334668159485,
    "exact": 30.843089362418933,
    "f1": 37.39839414826425,
    "total": 11873
  },
  "metrics_thresholded": {
    "HasAns_exact": 44.58502024291498,
    "HasAns_f1": 51.945560935787945,
    "HasAns_total": 5928,
    "NoAns_exact": 80.67283431455004,
    "NoAns_f1": 80.67283431455004,
    "NoAns_total": 5945,
    "best_exact": 62.95797186894635,
    "best_exact_thresh": 0.0268815029412508,
    "best_f1": 66.32134129768002,
    "best_f1_thresh": 0.06453368812799454,
    "exact": 62.65476290743704,
    "f1": 66.32976376883272,
    "total": 11873
  },
  "no_answer_probability_threshold": 0.06458,
  "number_of_context_tokens_after_pruning": 1602938,
  "number_of_context_tokens_before_pruning": 1997658,
  "number_of_energy_samples": 259,
  "number_of_feature_windows": 12134,
  "number_of_inference_tokens": 1789470,
  "number_of_raw_evaluation_examples": 11873,
  "realized_context_keep_ratio": 0.8024086204945992,
  "token_pruning_keep_ratio": 0.8,
  "token_pruning_keep_ratio_label": "0.80"
}