label,precision,max_sequence_length,exact_match,f1,energy_per_example_j,energy_per_correct_j,average_latency_per_example_ms,peak_gpu_memory_mb
fp32,fp32,384,81.07852412488174,88.36339427647245,0.6747646556232539,0.8322359871572688,9.373029178901817,625.09521484375
fp16,fp16,384,81.0879848628193,88.37177525627587,0.1839488326817218,0.22685091138091232,2.57726191466387,742.0068359375
