{
  "average_latency_per_feature_window_milliseconds": 2.4075898922874988,
  "average_latency_per_raw_example_milliseconds": 2.4605150975336065,
  "effective_document_stride": 128,
  "inference_energy_joules": 2086.213636187315,
  "inference_runtime_seconds": 29.21369575301651,
  "joules_per_exact_match_correct_example": 0.29346091379762484,
  "joules_per_feature_window": 0.17193123752985948,
  "joules_per_inference_example": 0.17571074169858628,
  "joules_per_inference_token": 0.001165823107079507,
  "maximum_sequence_length": 384,
  "metrics_raw": {
    "HasAns_exact": 58.67071524966262,
    "HasAns_f1": 73.56801528833694,
    "HasAns_total": 5928,
    "NoAns_exact": 0.0672834314550042,
    "NoAns_f1": 0.0672834314550042,
    "NoAns_total": 5945,
    "best_exact": 60.043796849995786,
    "best_exact_thresh": 0.028700191527605057,
    "best_f1": 64.68537968565579,
    "best_f1_thresh": 0.21370133757591248,
    "exact": 29.3270445548724,
    "f1": 36.76502944742368,
    "total": 11873
  },
  "metrics_thresholded": {
    "HasAns_exact": 41.86909581646424,
    "HasAns_f1": 50.593397017099804,
    "HasAns_total": 5928,
    "NoAns_exact": 77.83010933557611,
    "NoAns_f1": 77.83010933557611,
    "NoAns_total": 5945,
    "best_exact": 60.043796849995786,
    "best_exact_thresh": 0.028700191527605057,
    "best_f1": 64.23125221236192,
    "best_f1_thresh": 0.06417898088693619,
    "exact": 59.875347426935065,
    "f1": 64.23125221236145,
    "total": 11873
  },
  "no_answer_probability_threshold": 0.06458,
  "number_of_context_tokens_after_pruning": 1602938,
  "number_of_context_tokens_before_pruning": 1997658,
  "number_of_energy_samples": 130,
  "number_of_feature_windows": 12134,
  "number_of_inference_tokens": 1789477,
  "number_of_raw_evaluation_examples": 11873,
  "realized_context_keep_ratio": 0.8024086204945992,
  "token_pruning_keep_ratio": 0.8,
  "token_pruning_keep_ratio_label": "0.80"
}