{
  "average_executed_layer_count": 6.880171419152794,
  "average_exited_layer": 6.880171419152794,
  "average_latency_per_feature_window_milliseconds": 7.6156414899468805,
  "average_latency_per_raw_example_milliseconds": 7.783053469132943,
  "early_exit_confidence_threshold": 0.8,
  "effective_document_stride": 128,
  "exit_layer_histogram": {
    "12": 2075,
    "4": 5472,
    "8": 4587
  },
  "inference_energy_joules": 6572.065061699149,
  "inference_runtime_seconds": 92.40819383901544,
  "joules_per_inference_example": 0.5535302839803882,
  "joules_per_inference_feature_window": 0.5416239543183738,
  "joules_per_inference_token": 0.0030091569872918627,
  "maximum_sequence_length": 384,
  "measured_feature_windows": 12134,
  "measured_inference_tokens": 2184022,
  "measured_raw_examples": 11873,
  "metrics_raw": {
    "HasAns_exact": 73.97098515519568,
    "HasAns_f1": 83.03248645805432,
    "HasAns_total": 5928,
    "NoAns_exact": 0.0,
    "NoAns_f1": 0.0,
    "NoAns_total": 5945,
    "best_exact": 67.4724164069738,
    "best_exact_thresh": 0.12289156764745712,
    "best_f1": 70.73985842544168,
    "best_f1_thresh": 0.25626593828201294,
    "exact": 36.93253600606418,
    "f1": 41.45679943766075,
    "total": 11873
  },
  "metrics_thresholded": {
    "HasAns_exact": 58.68758434547908,
    "HasAns_f1": 64.81397351268323,
    "HasAns_total": 5928,
    "NoAns_exact": 75.99663582842724,
    "NoAns_f1": 75.99663582842724,
    "NoAns_total": 5945,
    "best_exact": 67.4471489935147,
    "best_exact_thresh": 0.04516276717185974,
    "best_f1": 70.44222760182943,
    "best_f1_thresh": 0.0578901506960392,
    "exact": 67.3545018108313,
    "f1": 70.41331045087054,
    "total": 11873
  },
  "number_of_energy_samples": 408,
  "number_of_feature_windows": 12134,
  "number_of_inference_tokens": 2184022,
  "number_of_measurement_passes": 1,
  "number_of_raw_evaluation_examples": 11873
}