{
  "average_latency_per_feature_window_milliseconds": 3.8131189669524774,
  "average_latency_per_raw_example_milliseconds": 3.8969414255033574,
  "effective_document_stride": 128,
  "inference_energy_joules": 3302.206006990671,
  "inference_runtime_seconds": 46.268385545001365,
  "joules_per_exact_match_correct_example": 0.486692115989782,
  "joules_per_feature_window": 0.272144882725455,
  "joules_per_inference_example": 0.27812734835262115,
  "joules_per_inference_token": 0.0023758723749691853,
  "maximum_sequence_length": 384,
  "metrics_raw": {
    "HasAns_exact": 42.459514170040485,
    "HasAns_f1": 62.379817304652256,
    "HasAns_total": 5928,
    "NoAns_exact": 0.40370058873002523,
    "NoAns_f1": 0.40370058873002523,
    "NoAns_total": 5945,
    "best_exact": 57.53390044639097,
    "best_exact_thresh": 0.0023038776125758886,
    "best_f1": 63.55265612158922,
    "best_f1_thresh": 0.10009866207838058,
    "exact": 21.401499199865242,
    "f1": 31.347389621997692,
    "total": 11873
  },
  "metrics_thresholded": {
    "HasAns_exact": 31.12348178137652,
    "HasAns_f1": 43.57829143902569,
    "HasAns_total": 5928,
    "NoAns_exact": 83.0950378469302,
    "NoAns_f1": 83.0950378469302,
    "NoAns_total": 5945,
    "best_exact": 57.53390044639097,
    "best_exact_thresh": 0.0023038776125758886,
    "best_f1": 63.37371177499556,
    "best_f1_thresh": 0.05921216309070587,
    "exact": 57.1464667733513,
    "f1": 63.364955078795944,
    "total": 11873
  },
  "no_answer_probability_threshold": 0.06458,
  "number_of_context_tokens_after_pruning": 1203294,
  "number_of_context_tokens_before_pruning": 1997658,
  "number_of_energy_samples": 204,
  "number_of_feature_windows": 12134,
  "number_of_inference_tokens": 1389892,
  "number_of_raw_evaluation_examples": 11873,
  "realized_context_keep_ratio": 0.6023523546072451,
  "token_pruning_keep_ratio": 0.6,
  "token_pruning_keep_ratio_label": "0.60"
}