{
  "HasAns_exact": 79.72334682860999,
  "HasAns_f1": 87.61384743048741,
  "HasAns_total": 5928,
  "NoAns_exact": 0.0,
  "NoAns_f1": 0.0,
  "NoAns_total": 5945,
  "best_exact": 73.30918891602796,
  "best_exact_thresh": 0.2102687805891037,
  "best_f1": 76.40390830324552,
  "best_f1_thresh": 0.21093356609344482,
  "exact": 39.80459866924956,
  "f1": 43.74420008152357,
  "total": 11873
}