{
  "trainer_training_metrics": {
    "epoch": 2.0,
    "total_flos": 3.704890785455693e+16,
    "train_loss": 0.9756966324524222,
    "train_runtime": 8763.7509,
    "train_samples_per_second": 30.068,
    "train_steps_per_second": 3.759
  }
}