{
  "average_latency_per_feature_window_milliseconds": 8.464531350442527,
  "average_latency_per_raw_example_milliseconds": 8.916524349362815,
  "effective_document_stride": 128,
  "inference_energy_joules": 7616.481722371581,
  "inference_runtime_seconds": 105.8658935999847,
  "joules_per_exact_match_correct_example": 0.8883230373654748,
  "joules_per_feature_window": 0.6089775103839115,
  "joules_per_inference_example": 0.6414959759430288,
  "joules_per_inference_token": 0.003403069683172438,
  "maximum_sequence_length": 320,
  "metrics_raw": {
    "HasAns_exact": 76.9399460188934,
    "HasAns_f1": 85.42982769445885,
    "HasAns_total": 5928,
    "NoAns_exact": 0.0,
    "NoAns_f1": 0.0,
    "NoAns_total": 5945,
    "best_exact": 72.26480249305146,
    "best_exact_thresh": 0.054944414645433426,
    "best_f1": 75.24784758753985,
    "best_f1_thresh": 0.08541785925626755,
    "exact": 38.41489092899857,
    "f1": 42.65375377518336,
    "total": 11873
  },
  "metrics_thresholded": {
    "HasAns_exact": 63.88326585695007,
    "HasAns_f1": 69.72796191049203,
    "HasAns_total": 5928,
    "NoAns_exact": 80.52144659377629,
    "NoAns_f1": 80.52144659377629,
    "NoAns_total": 5945,
    "best_exact": 72.26480249305146,
    "best_exact_thresh": 0.054944414645433426,
    "best_f1": 75.14915429377851,
    "best_f1_thresh": 0.06077568978071213,
    "exact": 72.21426766613324,
    "f1": 75.13243141627194,
    "total": 11873
  },
  "no_answer_probability_threshold": 0.06458,
  "number_of_energy_samples": 465,
  "number_of_feature_windows": 12507,
  "number_of_inference_tokens": 2238121,
  "number_of_raw_evaluation_examples": 11873
}