{
  "average_latency_per_feature_window_milliseconds": 2.205584024971054,
  "average_latency_per_raw_example_milliseconds": 2.2540686059966957,
  "effective_document_stride": 128,
  "inference_energy_joules": 1909.4612459206578,
  "inference_runtime_seconds": 26.762556558998767,
  "joules_per_exact_match_correct_example": 0.2217982629713855,
  "joules_per_feature_window": 0.15736453320592203,
  "joules_per_inference_example": 0.16082382261607495,
  "joules_per_inference_token": 0.0008742866353547069,
  "maximum_sequence_length": 384,
  "metrics_raw": {
    "HasAns_exact": 78.12078272604589,
    "HasAns_f1": 86.69017670697212,
    "HasAns_total": 5928,
    "NoAns_exact": 0.0,
    "NoAns_f1": 0.0,
    "NoAns_total": 5945,
    "best_exact": 72.5511665122547,
    "best_exact_thresh": 0.055208686739206314,
    "best_f1": 75.58814343945645,
    "best_f1_thresh": 0.08570928126573563,
    "exact": 39.004463909711106,
    "f1": 43.28302598491794,
    "total": 11873
  },
  "metrics_thresholded": {
    "HasAns_exact": 64.86167341430499,
    "HasAns_f1": 70.86017534187442,
    "HasAns_total": 5928,
    "NoAns_exact": 80.13456686291,
    "NoAns_f1": 80.13456686291,
    "NoAns_total": 5945,
    "best_exact": 72.5511665122547,
    "best_exact_thresh": 0.055208686739206314,
    "best_f1": 75.51231113882478,
    "best_f1_thresh": 0.059428222477436066,
    "exact": 72.50905415648951,
    "f1": 75.50401073247127,
    "total": 11873
  },
  "model_parameter_dtype": "torch.float16",
  "no_answer_probability_threshold": 0.06458,
  "number_of_energy_samples": 117,
  "number_of_feature_windows": 12134,
  "number_of_inference_tokens": 2184022,
  "number_of_raw_evaluation_examples": 11873,
  "precision_mode": "fp16",
  "precision_skip_reason": null,
  "precision_supported": true
}