{
  "average_latency_per_feature_window_milliseconds": 7.407751414831029,
  "average_latency_per_raw_example_milliseconds": 8.069102084393977,
  "effective_document_stride": 128,
  "inference_energy_joules": 6873.250336029529,
  "inference_runtime_seconds": 95.8044490480097,
  "joules_per_exact_match_correct_example": 0.8068142195127983,
  "joules_per_feature_window": 0.5314505788316345,
  "joules_per_inference_example": 0.5788975268280576,
  "joules_per_inference_token": 0.0029886555827207508,
  "maximum_sequence_length": 288,
  "metrics_raw": {
    "HasAns_exact": 75.86032388663968,
    "HasAns_f1": 84.35874390092341,
    "HasAns_total": 5928,
    "NoAns_exact": 0.0,
    "NoAns_f1": 0.0,
    "NoAns_total": 5945,
    "best_exact": 71.79314410848143,
    "best_exact_thresh": 0.054944369941949844,
    "best_f1": 74.74337056780573,
    "best_f1_thresh": 0.08541834354400635,
    "exact": 37.875852775204244,
    "f1": 42.118978678065695,
    "total": 11873
  },
  "metrics_thresholded": {
    "HasAns_exact": 62.7361673414305,
    "HasAns_f1": 68.55904521093302,
    "HasAns_total": 5928,
    "NoAns_exact": 80.74011774600504,
    "NoAns_f1": 80.74011774600504,
    "NoAns_total": 5945,
    "best_exact": 71.79314410848143,
    "best_exact_thresh": 0.054944369941949844,
    "best_f1": 74.67558640627585,
    "best_f1_thresh": 0.05970366671681404,
    "exact": 71.75103175271624,
    "f1": 74.65830203069241,
    "total": 11873
  },
  "no_answer_probability_threshold": 0.06458,
  "number_of_energy_samples": 420,
  "number_of_feature_windows": 12933,
  "number_of_inference_tokens": 2299780,
  "number_of_raw_evaluation_examples": 11873
}