{
  "average_latency_per_feature_window_milliseconds": 2.257013885531406,
  "average_latency_per_raw_example_milliseconds": 2.3066290311663504,
  "effective_document_stride": 128,
  "inference_energy_joules": 1942.2486019039156,
  "inference_runtime_seconds": 27.38660648703808,
  "joules_per_exact_match_correct_example": 0.322847174518603,
  "joules_per_feature_window": 0.1600666393525561,
  "joules_per_inference_example": 0.16358532821560814,
  "joules_per_inference_token": 0.0024535143824288143,
  "maximum_sequence_length": 384,
  "metrics_raw": {
    "HasAns_exact": 17.408906882591094,
    "HasAns_f1": 33.77045420475696,
    "HasAns_total": 5928,
    "NoAns_exact": 2.035323801513877,
    "NoAns_f1": 2.035323801513877,
    "NoAns_total": 5945,
    "best_exact": 51.29284932199107,
    "best_exact_thresh": 0.0015670134453102946,
    "best_f1": 53.678949364103794,
    "best_f1_thresh": 0.06381189078092575,
    "exact": 9.711109239450854,
    "f1": 17.880169504404893,
    "total": 11873
  },
  "metrics_thresholded": {
    "HasAns_exact": 8.805668016194332,
    "HasAns_f1": 14.840809656908428,
    "HasAns_total": 5928,
    "NoAns_exact": 92.41379310344827,
    "NoAns_f1": 92.41379310344827,
    "NoAns_total": 5945,
    "best_exact": 51.29284932199107,
    "best_exact_thresh": 0.0015670134453102946,
    "best_f1": 53.678949364103794,
    "best_f1_thresh": 0.06381189078092575,
    "exact": 50.66958645666639,
    "f1": 53.68283665848169,
    "total": 11873
  },
  "no_answer_probability_threshold": 0.06458,
  "number_of_context_tokens_after_pruning": 604812,
  "number_of_context_tokens_before_pruning": 1997658,
  "number_of_energy_samples": 121,
  "number_of_feature_windows": 12134,
  "number_of_inference_tokens": 791619,
  "number_of_raw_evaluation_examples": 11873,
  "realized_context_keep_ratio": 0.3027605325836555,
  "token_pruning_keep_ratio": 0.3,
  "token_pruning_keep_ratio_label": "0.30"
}