{
  "average_executed_layer_count": 4.063293225646943,
  "average_exited_layer": 4.063293225646943,
  "average_latency_per_feature_window_milliseconds": 5.193109850010671,
  "average_latency_per_raw_example_milliseconds": 5.307268164746019,
  "early_exit_confidence_threshold": 0.5,
  "effective_document_stride": 128,
  "exit_layer_histogram": {
    "12": 24,
    "4": 11966,
    "8": 144
  },
  "inference_energy_joules": 2105.274996597767,
  "inference_runtime_seconds": 63.01319492002949,
  "joules_per_inference_example": 0.17731617928053287,
  "joules_per_inference_feature_window": 0.17350214245902149,
  "joules_per_inference_token": 0.0009639440429619147,
  "maximum_sequence_length": 384,
  "measured_feature_windows": 12134,
  "measured_inference_tokens": 2184022,
  "measured_raw_examples": 11873,
  "metrics_raw": {
    "HasAns_exact": 57.928475033738195,
    "HasAns_f1": 69.43281243470537,
    "HasAns_total": 5928,
    "NoAns_exact": 0.0,
    "NoAns_f1": 0.0,
    "NoAns_total": 5945,
    "best_exact": 57.449675734860605,
    "best_exact_thresh": 0.10816577076911926,
    "best_f1": 60.270494196846826,
    "best_f1_thresh": 0.10816577076911926,
    "exact": 28.922765939526656,
    "f1": 34.66669856926922,
    "total": 11873
  },
  "metrics_thresholded": {
    "HasAns_exact": 35.10458839406208,
    "HasAns_f1": 40.14807568614799,
    "HasAns_total": 5928,
    "NoAns_exact": 79.22624053826745,
    "NoAns_f1": 79.22624053826745,
    "NoAns_total": 5945,
    "best_exact": 57.30649372525899,
    "best_exact_thresh": 0.04439086839556694,
    "best_f1": 59.77895817782075,
    "best_f1_thresh": 0.06130078062415123,
    "exact": 57.197001600269516,
    "f1": 59.71513456308307,
    "total": 11873
  },
  "number_of_energy_samples": 3,
  "number_of_feature_windows": 12134,
  "number_of_inference_tokens": 2184022,
  "number_of_measurement_passes": 1,
  "number_of_raw_evaluation_examples": 11873
}