{
  "average_latency_per_feature_window_milliseconds": 5.81402582981644,
  "average_latency_per_raw_example_milliseconds": 5.941833523034842,
  "effective_document_stride": 128,
  "inference_energy_joules": 5073.2559903264055,
  "inference_runtime_seconds": 70.54738941899268,
  "joules_per_exact_match_correct_example": 0.5893652405118965,
  "joules_per_feature_window": 0.4181025210422289,
  "joules_per_inference_example": 0.4272935223049276,
  "joules_per_inference_token": 0.002322896010354477,
  "maximum_sequence_length": 384,
  "metrics_raw": {
    "HasAns_exact": 78.10391363022941,
    "HasAns_f1": 86.67330761115566,
    "HasAns_total": 5928,
    "NoAns_exact": 0.0,
    "NoAns_f1": 0.0,
    "NoAns_total": 5945,
    "best_exact": 72.55958898340774,
    "best_exact_thresh": 0.054944273084402084,
    "best_f1": 75.60498838176252,
    "best_f1_thresh": 0.08541804552078247,
    "exact": 38.99604143855807,
    "f1": 43.27460351376491,
    "total": 11873
  },
  "metrics_thresholded": {
    "HasAns_exact": 64.86167341430499,
    "HasAns_f1": 70.86017534187442,
    "HasAns_total": 5928,
    "NoAns_exact": 80.11774600504626,
    "NoAns_f1": 80.11774600504626,
    "NoAns_total": 5945,
    "best_exact": 72.55958898340774,
    "best_exact_thresh": 0.054944273084402084,
    "best_f1": 75.51231113882478,
    "best_f1_thresh": 0.06077584996819496,
    "exact": 72.50063168533647,
    "f1": 75.49558826131825,
    "total": 11873
  },
  "no_answer_probability_threshold": 0.06458,
  "number_of_context_tokens_after_pruning": 1997658,
  "number_of_context_tokens_before_pruning": 1997658,
  "number_of_energy_samples": 311,
  "number_of_feature_windows": 12134,
  "number_of_inference_tokens": 2184022,
  "number_of_raw_evaluation_examples": 11873,
  "realized_context_keep_ratio": 1.0,
  "token_pruning_keep_ratio": 1.0,
  "token_pruning_keep_ratio_label": "1.00"
}