{
  "average_latency_per_feature_window_milliseconds": 3.429488233202723,
  "average_latency_per_raw_example_milliseconds": 3.735666749769293,
  "effective_document_stride": 128,
  "inference_energy_joules": 3176.7434800040696,
  "inference_runtime_seconds": 44.353571320010815,
  "joules_per_exact_match_correct_example": 0.4057143652623333,
  "joules_per_feature_window": 0.24563082656800972,
  "joules_per_inference_example": 0.2675603032093043,
  "joules_per_inference_token": 0.0013813249441268598,
  "maximum_sequence_length": 288,
  "metrics_raw": {
    "HasAns_exact": 73.582995951417,
    "HasAns_f1": 81.41497963127728,
    "HasAns_total": 5928,
    "NoAns_exact": 0.0,
    "NoAns_f1": 0.0,
    "NoAns_total": 5945,
    "best_exact": 66.30169291670175,
    "best_exact_thresh": 0.15908174216747284,
    "best_f1": 68.70555234000209,
    "best_f1_thresh": 0.15908174216747284,
    "exact": 36.73881916954434,
    "f1": 40.64920401366223,
    "total": 11873
  },
  "metrics_thresholded": {
    "HasAns_exact": 52.88461538461539,
    "HasAns_f1": 56.94078359883414,
    "HasAns_total": 5928,
    "NoAns_exact": 78.97392767031118,
    "NoAns_f1": 78.97392767031118,
    "NoAns_total": 5945,
    "best_exact": 65.99848395519246,
    "best_exact_thresh": 0.05568326637148857,
    "best_f1": 68.00552350362221,
    "best_f1_thresh": 0.06324747204780579,
    "exact": 65.94794912827423,
    "f1": 67.97312938380264,
    "total": 11873
  },
  "no_answer_probability_threshold": 0.06458,
  "number_of_energy_samples": 195,
  "number_of_feature_windows": 12933,
  "number_of_inference_tokens": 2299780,
  "number_of_raw_evaluation_examples": 11873
}