{
  "average_latency_per_feature_window_milliseconds": 2.1879298711909083,
  "average_latency_per_raw_example_milliseconds": 2.236026367138085,
  "effective_document_stride": 128,
  "inference_energy_joules": 1896.6891702330101,
  "inference_runtime_seconds": 26.548341057030484,
  "joules_per_exact_match_correct_example": 0.2183616359927481,
  "joules_per_feature_window": 0.15631194743967447,
  "joules_per_inference_example": 0.15974809822563885,
  "joules_per_inference_token": 0.0008684386742592383,
  "maximum_sequence_length": 384,
  "metrics_raw": {
    "HasAns_exact": 79.6727395411606,
    "HasAns_f1": 87.56643684950323,
    "HasAns_total": 5928,
    "NoAns_exact": 0.0,
    "NoAns_f1": 0.0,
    "NoAns_total": 5945,
    "best_exact": 73.27549903141582,
    "best_exact_thresh": 0.17328821122646332,
    "best_f1": 76.35307328284286,
    "best_f1_thresh": 0.2751297354698181,
    "exact": 39.779331255790446,
    "f1": 43.72052873274279,
    "total": 11873
  },
  "metrics_thresholded": {
    "HasAns_exact": 66.78475033738192,
    "HasAns_f1": 72.35619781354067,
    "HasAns_total": 5928,
    "NoAns_exact": 79.51219512195122,
    "NoAns_f1": 79.51219512195122,
    "NoAns_total": 5945,
    "best_exact": 73.17442937757939,
    "best_exact_thresh": 0.06371499598026276,
    "best_f1": 75.95616446042835,
    "best_f1_thresh": 0.06371499598026276,
    "exact": 73.15758443527331,
    "f1": 75.93931951812257,
    "total": 11873
  },
  "model_parameter_dtype": "torch.bfloat16",
  "no_answer_probability_threshold": 0.06458,
  "number_of_energy_samples": 116,
  "number_of_feature_windows": 12134,
  "number_of_inference_tokens": 2184022,
  "number_of_raw_evaluation_examples": 11873,
  "precision_mode": "bf16",
  "precision_skip_reason": null,
  "precision_supported": true
}