{
  "average_latency_per_feature_window_milliseconds": 9.366219733640317,
  "average_latency_per_raw_example_milliseconds": 9.572114061146433,
  "effective_document_stride": 128,
  "inference_energy_joules": 8173.066089494228,
  "inference_runtime_seconds": 113.6497102479916,
  "joules_per_exact_match_correct_example": 0.9406221762566727,
  "joules_per_feature_window": 0.6735673388407968,
  "joules_per_inference_example": 0.6883741337062435,
  "joules_per_inference_token": 0.0037422086817322483,
  "maximum_sequence_length": 384,
  "metrics_raw": {
    "HasAns_exact": 79.72334682860999,
    "HasAns_f1": 87.61384743048741,
    "HasAns_total": 5928,
    "NoAns_exact": 0.0,
    "NoAns_f1": 0.0,
    "NoAns_total": 5945,
    "best_exact": 73.30918891602796,
    "best_exact_thresh": 0.21026813983917236,
    "best_f1": 76.40390830324552,
    "best_f1_thresh": 0.21093498170375824,
    "exact": 39.80459866924956,
    "f1": 43.74420008152357,
    "total": 11873
  },
  "metrics_thresholded": {
    "HasAns_exact": 66.8353576248313,
    "HasAns_f1": 72.41681640758985,
    "HasAns_total": 5928,
    "NoAns_exact": 79.51219512195122,
    "NoAns_f1": 79.51219512195122,
    "NoAns_total": 5945,
    "best_exact": 73.21654173334457,
    "best_exact_thresh": 0.05072818323969841,
    "best_f1": 75.97800788883933,
    "best_f1_thresh": 0.06432478874921799,
    "exact": 73.18285184873241,
    "f1": 75.96958541768657,
    "total": 11873
  },
  "no_answer_probability_threshold": 0.06458,
  "number_of_energy_samples": 499,
  "number_of_feature_windows": 12134,
  "number_of_inference_tokens": 2184022,
  "number_of_raw_evaluation_examples": 11873
}