label,max_sequence_length,accuracy,energy_per_example_j,energy_per_correct_j,average_latency_per_example_ms,peak_gpu_memory_mb
max_sequence_length_128,128,0.930045871559633,0.2172190186437595,0.23355731721005957,2.995828693810586,692.2392578125
max_sequence_length_96,96,0.930045871559633,0.14416723204905668,0.15501088328825824,2.054271505731368,626.5830078125
max_sequence_length_64,64,0.930045871559633,0.10428245649967822,0.11212614311679336,1.4536853061912585,560.17626953125
max_sequence_length_48,48,0.930045871559633,0.06937965194532283,0.07459809678954564,1.0500665699560199,527.02001953125
max_sequence_length_40,40,0.9288990825688074,0.06101363348549655,0.06568381283870739,0.9355970481661275,510.45361328125
max_sequence_length_32,32,0.911697247706422,0.0433239819853919,0.0475201412468701,0.7603957201854845,493.89501953125
max_sequence_length_24,24,0.8864678899082569,0.03119809397627515,0.03519371015176188,0.5773809942667968,477.34423828125
max_sequence_length_16,16,0.8325688073394495,0.017713326840411266,0.02127551102594852,0.4208008417412903,460.80126953125
