{
  "average_latency_per_feature_window_milliseconds": 5.732576742364158,
  "average_latency_per_raw_example_milliseconds": 7.192638400656856,
  "effective_document_stride": 112,
  "inference_energy_joules": 6163.037390625474,
  "inference_runtime_seconds": 85.39819573099885,
  "joules_per_exact_match_correct_example": 0.7997712679244061,
  "joules_per_feature_window": 0.41370996782073394,
  "joules_per_inference_example": 0.5190800463762717,
  "joules_per_inference_token": 0.002431634089474546,
  "maximum_sequence_length": 224,
  "metrics_raw": {
    "HasAns_exact": 67.18960863697706,
    "HasAns_f1": 76.06572359014935,
    "HasAns_total": 5928,
    "NoAns_exact": 0.0,
    "NoAns_f1": 0.0,
    "NoAns_total": 5945,
    "best_exact": 65.0130548302872,
    "best_exact_thresh": 0.11917844414710999,
    "best_f1": 67.72399776825922,
    "best_f1_thresh": 0.11917844414710999,
    "exact": 33.54670260254358,
    "f1": 37.97840557924748,
    "total": 11873
  },
  "metrics_thresholded": {
    "HasAns_exact": 49.07219973009447,
    "HasAns_f1": 53.92447281630693,
    "HasAns_total": 5928,
    "NoAns_exact": 80.6896551724138,
    "NoAns_f1": 80.6896551724138,
    "NoAns_total": 5945,
    "best_exact": 64.97094247452202,
    "best_exact_thresh": 0.03853030875325203,
    "best_f1": 67.33464792849907,
    "best_f1_thresh": 0.06370122730731964,
    "exact": 64.90356270529773,
    "f1": 67.32622545734587,
    "total": 11873
  },
  "no_answer_probability_threshold": 0.06458,
  "number_of_energy_samples": 379,
  "number_of_feature_windows": 14897,
  "number_of_inference_tokens": 2534525,
  "number_of_raw_evaluation_examples": 11873
}