{
  "average_latency_per_feature_window_milliseconds": 7.273131613082764,
  "average_latency_per_raw_example_milliseconds": 7.92246366983908,
  "effective_document_stride": 128,
  "inference_energy_joules": 6783.475293341887,
  "inference_runtime_seconds": 94.06341115199939,
  "joules_per_exact_match_correct_example": 0.8654599761854921,
  "joules_per_feature_window": 0.5245090306457811,
  "joules_per_inference_example": 0.571336249755065,
  "joules_per_inference_token": 0.002949619221552447,
  "maximum_sequence_length": 288,
  "metrics_raw": {
    "HasAns_exact": 71.32253711201079,
    "HasAns_f1": 80.72383784240573,
    "HasAns_total": 5928,
    "NoAns_exact": 0.0,
    "NoAns_f1": 0.0,
    "NoAns_total": 5945,
    "best_exact": 66.0574412532637,
    "best_exact_thresh": 0.03908822685480118,
    "best_f1": 69.05025278314982,
    "best_f1_thresh": 0.18260061740875244,
    "exact": 35.61020803503748,
    "f1": 40.30412791457771,
    "total": 11873
  },
  "metrics_thresholded": {
    "HasAns_exact": 52.66531713900135,
    "HasAns_f1": 58.14059643670717,
    "HasAns_total": 5928,
    "NoAns_exact": 79.32716568544996,
    "NoAns_f1": 79.32716568544996,
    "NoAns_total": 5945,
    "best_exact": 66.0574412532637,
    "best_exact_thresh": 0.03908822685480118,
    "best_f1": 68.75747121003981,
    "best_f1_thresh": 0.06377512961626053,
    "exact": 66.01532889749852,
    "f1": 68.74904873888656,
    "total": 11873
  },
  "no_answer_probability_threshold": 0.06458,
  "number_of_energy_samples": 414,
  "number_of_feature_windows": 12933,
  "number_of_inference_tokens": 2299780,
  "number_of_raw_evaluation_examples": 11873
}