{
  "average_latency_per_feature_window_milliseconds": 8.338770874470292,
  "average_latency_per_raw_example_milliseconds": 8.784048456750606,
  "effective_document_stride": 128,
  "inference_energy_joules": 7530.180035268073,
  "inference_runtime_seconds": 104.29300732699994,
  "joules_per_exact_match_correct_example": 0.8771322114464849,
  "joules_per_feature_window": 0.6020772395672882,
  "joules_per_inference_example": 0.6342272412421522,
  "joules_per_inference_token": 0.0033645097987410303,
  "maximum_sequence_length": 320,
  "metrics_raw": {
    "HasAns_exact": 76.63630229419704,
    "HasAns_f1": 85.11712216488313,
    "HasAns_total": 5928,
    "NoAns_exact": 0.0,
    "NoAns_f1": 0.0,
    "NoAns_total": 5945,
    "best_exact": 72.7364608776215,
    "best_exact_thresh": 0.007931327447295189,
    "best_f1": 75.59544650753269,
    "best_f1_thresh": 0.09729168564081192,
    "exact": 38.26328644824392,
    "f1": 42.49762487942619,
    "total": 11873
  },
  "metrics_thresholded": {
    "HasAns_exact": 65.53643724696356,
    "HasAns_f1": 71.83782418171064,
    "HasAns_total": 5928,
    "NoAns_exact": 79.05803195962994,
    "NoAns_f1": 79.05803195962994,
    "NoAns_total": 5945,
    "best_exact": 72.7364608776215,
    "best_exact_thresh": 0.007931327447295189,
    "best_f1": 75.542317528224,
    "best_f1_thresh": 0.011773980222642422,
    "exact": 72.30691484881665,
    "f1": 75.4530970899672,
    "total": 11873
  },
  "no_answer_probability_threshold": 0.06458,
  "number_of_energy_samples": 462,
  "number_of_feature_windows": 12507,
  "number_of_inference_tokens": 2238121,
  "number_of_raw_evaluation_examples": 11873
}