{
  "average_latency_per_feature_window_milliseconds": 1.0844743706113873,
  "average_latency_per_raw_example_milliseconds": 1.1083139908193862,
  "effective_document_stride": 128,
  "inference_energy_joules": 924.769539411068,
  "inference_runtime_seconds": 13.159012012998573,
  "joules_per_exact_match_correct_example": 0.11705943536848962,
  "joules_per_feature_window": 0.07621308219969243,
  "joules_per_inference_example": 0.07788844768896387,
  "joules_per_inference_token": 0.00042342501101686153,
  "maximum_sequence_length": 384,
  "metrics_raw": {
    "HasAns_exact": 75.7085020242915,
    "HasAns_f1": 83.7681706852328,
    "HasAns_total": 5928,
    "NoAns_exact": 0.0,
    "NoAns_f1": 0.0,
    "NoAns_total": 5945,
    "best_exact": 66.9165333108734,
    "best_exact_thresh": 0.16026602685451508,
    "best_f1": 69.41635206436145,
    "best_f1_thresh": 0.16026602685451508,
    "exact": 37.800050534826916,
    "f1": 41.82411486751959,
    "total": 11873
  },
  "metrics_thresholded": {
    "HasAns_exact": 54.689608636977056,
    "HasAns_f1": 58.902999939172126,
    "HasAns_total": 5928,
    "NoAns_exact": 78.3515559293524,
    "NoAns_f1": 78.3515559293524,
    "NoAns_total": 5945,
    "best_exact": 66.57121199359892,
    "best_exact_thresh": 0.05561761185526848,
    "best_f1": 68.65467730475996,
    "best_f1_thresh": 0.06325051933526993,
    "exact": 66.53752210898678,
    "f1": 68.64120135091488,
    "total": 11873
  },
  "model_parameter_dtype": "torch.float16",
  "no_answer_probability_threshold": 0.06458,
  "number_of_energy_samples": 58,
  "number_of_feature_windows": 12134,
  "number_of_inference_tokens": 2184022,
  "number_of_raw_evaluation_examples": 11873,
  "precision_mode": "fp16",
  "precision_skip_reason": null,
  "precision_supported": true
}