{
  "average_latency_per_feature_window_milliseconds": 6.691299205385738,
  "average_latency_per_raw_example_milliseconds": 7.7434895209298436,
  "effective_document_stride": 128,
  "inference_energy_joules": 6627.903799183372,
  "inference_runtime_seconds": 91.93845108200003,
  "joules_per_exact_match_correct_example": 0.7833475711125603,
  "joules_per_feature_window": 0.4823801891690955,
  "joules_per_inference_example": 0.5582332855372165,
  "joules_per_inference_token": 0.002743168488029245,
  "maximum_sequence_length": 256,
  "metrics_raw": {
    "HasAns_exact": 73.3974358974359,
    "HasAns_f1": 81.921354321223,
    "HasAns_total": 5928,
    "NoAns_exact": 0.0,
    "NoAns_f1": 0.0,
    "NoAns_total": 5945,
    "best_exact": 71.65838457003285,
    "best_exact_thresh": 0.007931319996714592,
    "best_f1": 74.47087100195854,
    "best_f1_thresh": 0.01566923037171364,
    "exact": 36.64617198686094,
    "f1": 40.90202883990651,
    "total": 11873
  },
  "metrics_thresholded": {
    "HasAns_exact": 62.66869095816464,
    "HasAns_f1": 68.82698777680093,
    "HasAns_total": 5928,
    "NoAns_exact": 79.8317914213625,
    "NoAns_f1": 79.8317914213625,
    "NoAns_total": 5945,
    "best_exact": 71.65838457003285,
    "best_exact_thresh": 0.007931319996714592,
    "best_f1": 74.47087100195854,
    "best_f1_thresh": 0.01566923037171364,
    "exact": 71.26252842584015,
    "f1": 74.3372680485872,
    "total": 11873
  },
  "no_answer_probability_threshold": 0.06458,
  "number_of_energy_samples": 407,
  "number_of_feature_windows": 13740,
  "number_of_inference_tokens": 2416149,
  "number_of_raw_evaluation_examples": 11873
}