{
  "average_executed_layer_count": 9.047634745343663,
  "average_exited_layer": 9.047634745343663,
  "average_latency_per_feature_window_milliseconds": 9.451979151968958,
  "average_latency_per_raw_example_milliseconds": 9.659758698727476,
  "early_exit_confidence_threshold": 0.9,
  "effective_document_stride": 128,
  "exit_layer_histogram": {
    "12": 5574,
    "4": 2396,
    "8": 4164
  },
  "inference_energy_joules": 8116.670545371772,
  "inference_runtime_seconds": 114.69031502999132,
  "joules_per_inference_example": 0.6836242352709317,
  "joules_per_inference_feature_window": 0.6689196098048271,
  "joules_per_inference_token": 0.00371638680625551,
  "maximum_sequence_length": 384,
  "measured_feature_windows": 12134,
  "measured_inference_tokens": 2184022,
  "measured_raw_examples": 11873,
  "metrics_raw": {
    "HasAns_exact": 77.53036437246963,
    "HasAns_f1": 86.01248613201112,
    "HasAns_total": 5928,
    "NoAns_exact": 0.0,
    "NoAns_f1": 0.0,
    "NoAns_total": 5945,
    "best_exact": 72.33218226227575,
    "best_exact_thresh": 0.01943790167570114,
    "best_f1": 75.40515768042631,
    "best_f1_thresh": 0.025364143773913383,
    "exact": 38.70967741935484,
    "f1": 42.9446658629295,
    "total": 11873
  },
  "metrics_thresholded": {
    "HasAns_exact": 67.24021592442645,
    "HasAns_f1": 73.61186861680542,
    "HasAns_total": 5928,
    "NoAns_exact": 76.95542472666106,
    "NoAns_f1": 76.95542472666106,
    "NoAns_total": 5945,
    "best_exact": 72.33218226227575,
    "best_exact_thresh": 0.01943790167570114,
    "best_f1": 75.40515768042631,
    "best_f1_thresh": 0.025364143773913383,
    "exact": 72.10477554114377,
    "f1": 75.28604035714838,
    "total": 11873
  },
  "number_of_energy_samples": 507,
  "number_of_feature_windows": 12134,
  "number_of_inference_tokens": 2184022,
  "number_of_measurement_passes": 1,
  "number_of_raw_evaluation_examples": 11873
}