{
  "average_latency_per_feature_window_milliseconds": 2.3170038060036777,
  "average_latency_per_raw_example_milliseconds": 2.3679376890464607,
  "effective_document_stride": 128,
  "inference_energy_joules": 1999.5945531141756,
  "inference_runtime_seconds": 28.114524182048626,
  "joules_per_exact_match_correct_example": 0.23012942261643177,
  "joules_per_feature_window": 0.16479269433939142,
  "joules_per_inference_example": 0.16841527441372658,
  "joules_per_inference_token": 0.0009155560489382321,
  "maximum_sequence_length": 384,
  "metrics_raw": {
    "HasAns_exact": 79.75708502024291,
    "HasAns_f1": 87.62325230414567,
    "HasAns_total": 5928,
    "NoAns_exact": 0.0,
    "NoAns_f1": 0.0,
    "NoAns_total": 5945,
    "best_exact": 73.32603385833403,
    "best_exact_thresh": 0.2186693698167801,
    "best_f1": 76.4137870662022,
    "best_f1_thresh": 0.2186693698167801,
    "exact": 39.82144361155563,
    "f1": 43.74889578530915,
    "total": 11873
  },
  "metrics_thresholded": {
    "HasAns_exact": 66.8353576248313,
    "HasAns_f1": 72.40286407165608,
    "HasAns_total": 5928,
    "NoAns_exact": 79.51219512195122,
    "NoAns_f1": 79.51219512195122,
    "NoAns_total": 5945,
    "best_exact": 73.20811926219153,
    "best_exact_thresh": 0.04240382835268974,
    "best_f1": 75.97104170948994,
    "best_f1_thresh": 0.06394842267036438,
    "exact": 73.18285184873241,
    "f1": 75.96261923833717,
    "total": 11873
  },
  "model_parameter_dtype": "torch.float16",
  "no_answer_probability_threshold": 0.06458,
  "number_of_energy_samples": 123,
  "number_of_feature_windows": 12134,
  "number_of_inference_tokens": 2184022,
  "number_of_raw_evaluation_examples": 11873,
  "precision_mode": "fp16",
  "precision_skip_reason": null,
  "precision_supported": true
}