{
  "average_latency_per_feature_window_milliseconds": 4.612513324673076,
  "average_latency_per_raw_example_milliseconds": 6.743756321317269,
  "effective_document_stride": 96,
  "inference_energy_joules": 5774.204246014354,
  "inference_runtime_seconds": 80.06861880299994,
  "joules_per_exact_match_correct_example": 0.7115470420227177,
  "joules_per_feature_window": 0.3326346129393602,
  "joules_per_inference_example": 0.48633068693795617,
  "joules_per_inference_token": 0.0020902233013696935,
  "maximum_sequence_length": 192,
  "metrics_raw": {
    "HasAns_exact": 65.09784075573549,
    "HasAns_f1": 73.31096962481628,
    "HasAns_total": 5928,
    "NoAns_exact": 0.0,
    "NoAns_f1": 0.0,
    "NoAns_total": 5945,
    "best_exact": 68.83685673376569,
    "best_exact_thresh": 0.015084780752658844,
    "best_f1": 71.3555660889194,
    "best_f1_thresh": 0.01566925272345543,
    "exact": 32.50231617956708,
    "f1": 36.603000752624524,
    "total": 11873
  },
  "metrics_thresholded": {
    "HasAns_exact": 54.77395411605938,
    "HasAns_f1": 60.28554059300055,
    "HasAns_total": 5928,
    "NoAns_exact": 81.88393608074011,
    "NoAns_f1": 81.88393608074011,
    "NoAns_total": 5945,
    "best_exact": 68.83685673376569,
    "best_exact_thresh": 0.015084780752658844,
    "best_f1": 71.3555660889194,
    "best_f1_thresh": 0.01566925272345543,
    "exact": 68.34835340688959,
    "f1": 71.10020084522087,
    "total": 11873
  },
  "no_answer_probability_threshold": 0.06458,
  "number_of_energy_samples": 354,
  "number_of_feature_windows": 17359,
  "number_of_inference_tokens": 2762482,
  "number_of_raw_evaluation_examples": 11873
}