{
  "average_latency_per_feature_window_milliseconds": 2.2163648973453816,
  "average_latency_per_raw_example_milliseconds": 3.2404512973147885,
  "effective_document_stride": 96,
  "inference_energy_joules": 2742.3745152854904,
  "inference_runtime_seconds": 38.47387825301848,
  "joules_per_exact_match_correct_example": 0.36487154274687206,
  "joules_per_feature_window": 0.1579799824463097,
  "joules_per_inference_example": 0.2309757024581395,
  "joules_per_inference_token": 0.0009927212250742232,
  "maximum_sequence_length": 192,
  "metrics_raw": {
    "HasAns_exact": 63.529014844804315,
    "HasAns_f1": 71.02883946844184,
    "HasAns_total": 5928,
    "NoAns_exact": 0.0,
    "NoAns_f1": 0.0,
    "NoAns_total": 5945,
    "best_exact": 63.63176956118925,
    "best_exact_thresh": 0.14599460363388062,
    "best_f1": 65.75740464729782,
    "best_f1_thresh": 0.1587815284729004,
    "exact": 31.71902636233471,
    "f1": 35.46356947434711,
    "total": 11873
  },
  "metrics_thresholded": {
    "HasAns_exact": 44.534412955465584,
    "HasAns_f1": 48.223329960043785,
    "HasAns_total": 5928,
    "NoAns_exact": 82.01850294365012,
    "NoAns_f1": 82.01850294365012,
    "NoAns_total": 5945,
    "best_exact": 63.34540554198602,
    "best_exact_thresh": 0.06324758380651474,
    "best_f1": 65.18592734673268,
    "best_f1_thresh": 0.06324758380651474,
    "exact": 63.303293186220834,
    "f1": 65.1451107557601,
    "total": 11873
  },
  "no_answer_probability_threshold": 0.06458,
  "number_of_energy_samples": 169,
  "number_of_feature_windows": 17359,
  "number_of_inference_tokens": 2762482,
  "number_of_raw_evaluation_examples": 11873
}