{
  "average_latency_per_feature_window_milliseconds": 2.365164972886114,
  "average_latency_per_raw_example_milliseconds": 2.4171575659900704,
  "effective_document_stride": 128,
  "inference_energy_joules": 2058.517493056059,
  "inference_runtime_seconds": 28.698911781000106,
  "joules_per_exact_match_correct_example": 0.2384475261271932,
  "joules_per_feature_window": 0.16964871378408264,
  "joules_per_inference_example": 0.1733780420328526,
  "joules_per_inference_token": 0.0009425351452760361,
  "maximum_sequence_length": 384,
  "metrics_raw": {
    "HasAns_exact": 77.7834008097166,
    "HasAns_f1": 86.3330975079648,
    "HasAns_total": 5928,
    "NoAns_exact": 0.0,
    "NoAns_f1": 0.0,
    "NoAns_total": 5945,
    "best_exact": 73.09020466604902,
    "best_exact_thresh": 0.008030813187360764,
    "best_f1": 76.09055270178446,
    "best_f1_thresh": 0.09947021305561066,
    "exact": 38.836014486650384,
    "f1": 43.104742022000785,
    "total": 11873
  },
  "metrics_thresholded": {
    "HasAns_exact": 66.58232118758434,
    "HasAns_f1": 73.03919550048343,
    "HasAns_total": 5928,
    "NoAns_exact": 78.82253994953743,
    "NoAns_f1": 78.82253994953743,
    "NoAns_total": 5945,
    "best_exact": 73.09020466604902,
    "best_exact_thresh": 0.008030813187360764,
    "best_f1": 76.0149141097194,
    "best_f1_thresh": 0.034618839621543884,
    "exact": 72.71119346416239,
    "f1": 75.93500807941258,
    "total": 11873
  },
  "model_parameter_dtype": "torch.float16",
  "no_answer_probability_threshold": 0.06458,
  "number_of_energy_samples": 128,
  "number_of_feature_windows": 12134,
  "number_of_inference_tokens": 2184022,
  "number_of_raw_evaluation_examples": 11873,
  "precision_mode": "fp16",
  "precision_skip_reason": null,
  "precision_supported": true
}