{
  "average_latency_per_feature_window_milliseconds": 5.561404204404426,
  "average_latency_per_raw_example_milliseconds": 6.977868982819232,
  "effective_document_stride": 112,
  "inference_energy_joules": 5959.402115795611,
  "inference_runtime_seconds": 82.84823843301274,
  "joules_per_exact_match_correct_example": 0.709030590814469,
  "joules_per_feature_window": 0.40004041859405326,
  "joules_per_inference_example": 0.5019289240963203,
  "joules_per_inference_token": 0.0023512895378012097,
  "maximum_sequence_length": 224,
  "metrics_raw": {
    "HasAns_exact": 72.33468286099865,
    "HasAns_f1": 80.22845599558543,
    "HasAns_total": 5928,
    "NoAns_exact": 0.0,
    "NoAns_f1": 0.0,
    "NoAns_total": 5945,
    "best_exact": 70.8329823970353,
    "best_exact_thresh": 0.1643495261669159,
    "best_f1": 73.70495208635707,
    "best_f1_thresh": 0.21093419194221497,
    "exact": 36.11555630421966,
    "f1": 40.0567916400093,
    "total": 11873
  },
  "metrics_thresholded": {
    "HasAns_exact": 60.256410256410255,
    "HasAns_f1": 65.45805959923618,
    "HasAns_total": 5928,
    "NoAns_exact": 81.29520605550883,
    "NoAns_f1": 81.29520605550883,
    "NoAns_total": 5945,
    "best_exact": 70.80771498357618,
    "best_exact_thresh": 0.048882778733968735,
    "best_f1": 73.39639327080512,
    "best_f1_thresh": 0.06432430446147919,
    "exact": 70.79087004127011,
    "f1": 73.38797079965234,
    "total": 11873
  },
  "no_answer_probability_threshold": 0.06458,
  "number_of_energy_samples": 364,
  "number_of_feature_windows": 14897,
  "number_of_inference_tokens": 2534525,
  "number_of_raw_evaluation_examples": 11873
}