{
  "average_latency_per_feature_window_milliseconds": 9.098333185594871,
  "average_latency_per_raw_example_milliseconds": 9.298338656953437,
  "effective_document_stride": 128,
  "inference_energy_joules": 7949.670135198835,
  "inference_runtime_seconds": 110.39917487400817,
  "joules_per_exact_match_correct_example": 0.923521158828861,
  "joules_per_feature_window": 0.6551565959451817,
  "joules_per_inference_example": 0.6695586738986637,
  "joules_per_inference_token": 0.0036399221872301813,
  "maximum_sequence_length": 384,
  "metrics_raw": {
    "HasAns_exact": 78.10391363022941,
    "HasAns_f1": 86.67330761115566,
    "HasAns_total": 5928,
    "NoAns_exact": 0.0,
    "NoAns_f1": 0.0,
    "NoAns_total": 5945,
    "best_exact": 72.55958898340774,
    "best_exact_thresh": 0.05494454503059387,
    "best_f1": 75.60498838176252,
    "best_f1_thresh": 0.08541812002658844,
    "exact": 38.99604143855807,
    "f1": 43.27460351376491,
    "total": 11873
  },
  "metrics_thresholded": {
    "HasAns_exact": 64.86167341430499,
    "HasAns_f1": 70.86017534187442,
    "HasAns_total": 5928,
    "NoAns_exact": 80.11774600504626,
    "NoAns_f1": 80.11774600504626,
    "NoAns_total": 5945,
    "best_exact": 72.55958898340774,
    "best_exact_thresh": 0.05494454503059387,
    "best_f1": 75.51231113882478,
    "best_f1_thresh": 0.060775116086006165,
    "exact": 72.50063168533647,
    "f1": 75.49558826131825,
    "total": 11873
  },
  "no_answer_probability_threshold": 0.06458,
  "number_of_energy_samples": 485,
  "number_of_feature_windows": 12134,
  "number_of_inference_tokens": 2184022,
  "number_of_raw_evaluation_examples": 11873
}