{
  "HasAns_exact": 64.86167341430499,
  "HasAns_f1": 70.86017534187442,
  "HasAns_total": 5928,
  "NoAns_exact": 80.11774600504626,
  "NoAns_f1": 80.11774600504626,
  "NoAns_total": 5945,
  "best_exact": 72.55958898340774,
  "best_exact_thresh": 0.054944273084402084,
  "best_f1": 75.51231113882478,
  "best_f1_thresh": 0.06077584996819496,
  "exact": 72.50063168533647,
  "f1": 75.49558826131825,
  "total": 11873
}