{
  "HasAns_exact": 78.10391363022941,
  "HasAns_f1": 86.67330761115566,
  "HasAns_total": 5928,
  "NoAns_exact": 0.0,
  "NoAns_f1": 0.0,
  "NoAns_total": 5945,
  "best_exact": 72.55958898340774,
  "best_exact_thresh": 0.054944273084402084,
  "best_f1": 75.60498838176252,
  "best_f1_thresh": 0.08541804552078247,
  "exact": 38.99604143855807,
  "f1": 43.27460351376491,
  "total": 11873
}