{
  "average_executed_layer_count": 12.0,
  "average_exited_layer": 12.0,
  "average_latency_per_feature_window_milliseconds": 11.972452993158546,
  "average_latency_per_raw_example_milliseconds": 12.235639233469705,
  "early_exit_confidence_threshold": 1.01,
  "effective_document_stride": 128,
  "exit_layer_histogram": {
    "12": 12134,
    "4": 0,
    "8": 0
  },
  "inference_energy_joules": 10289.041012742517,
  "inference_runtime_seconds": 145.2737446189858,
  "joules_per_inference_example": 0.8665915112223125,
  "joules_per_inference_feature_window": 0.8479512949351011,
  "joules_per_inference_token": 0.004711051909157745,
  "maximum_sequence_length": 384,
  "measured_feature_windows": 12134,
  "measured_inference_tokens": 2184022,
  "measured_raw_examples": 11873,
  "metrics_raw": {
    "HasAns_exact": 78.82928475033738,
    "HasAns_f1": 87.3008346535617,
    "HasAns_total": 5928,
    "NoAns_exact": 0.01682085786375105,
    "NoAns_f1": 0.01682085786375105,
    "NoAns_total": 5945,
    "best_exact": 73.73873494483281,
    "best_exact_thresh": 0.01345919817686081,
    "best_f1": 76.77815468957697,
    "best_f1_thresh": 0.014147012494504452,
    "exact": 39.36663016929167,
    "f1": 43.5963402532059,
    "total": 11873
  },
  "metrics_thresholded": {
    "HasAns_exact": 68.04993252361673,
    "HasAns_f1": 74.55703521137563,
    "HasAns_total": 5928,
    "NoAns_exact": 78.72161480235492,
    "NoAns_f1": 78.72161480235492,
    "NoAns_total": 5945,
    "best_exact": 73.73873494483281,
    "best_exact_thresh": 0.01345919817686081,
    "best_f1": 76.77815468957697,
    "best_f1_thresh": 0.014147012494504452,
    "exact": 73.39341362755833,
    "f1": 76.64230647124019,
    "total": 11873
  },
  "number_of_energy_samples": 642,
  "number_of_feature_windows": 12134,
  "number_of_inference_tokens": 2184022,
  "number_of_measurement_passes": 1,
  "number_of_raw_evaluation_examples": 11873
}