{
  "average_executed_layer_count": 4.373495961760343,
  "average_exited_layer": 4.373495961760343,
  "average_latency_per_feature_window_milliseconds": 5.428211515660488,
  "average_latency_per_raw_example_milliseconds": 5.547537987957918,
  "early_exit_confidence_threshold": 0.6,
  "effective_document_stride": 128,
  "exit_layer_histogram": {
    "12": 135,
    "4": 11136,
    "8": 863
  },
  "inference_energy_joules": 2310.5923614621165,
  "inference_runtime_seconds": 65.86591853102436,
  "joules_per_inference_example": 0.19460897510840702,
  "joules_per_inference_feature_window": 0.19042297358349403,
  "joules_per_inference_token": 0.0010579528784335124,
  "maximum_sequence_length": 384,
  "measured_feature_windows": 12134,
  "measured_inference_tokens": 2184022,
  "measured_raw_examples": 11873,
  "metrics_raw": {
    "HasAns_exact": 60.4251012145749,
    "HasAns_f1": 71.7550292032926,
    "HasAns_total": 5928,
    "NoAns_exact": 0.0,
    "NoAns_f1": 0.0,
    "NoAns_total": 5945,
    "best_exact": 58.662511580897835,
    "best_exact_thresh": 0.107949398458004,
    "best_f1": 61.71457815714767,
    "best_f1_thresh": 0.11263326555490494,
    "exact": 30.16929167017603,
    "f1": 35.826144455244545,
    "total": 11873
  },
  "metrics_thresholded": {
    "HasAns_exact": 38.1578947368421,
    "HasAns_f1": 43.718935455419704,
    "HasAns_total": 5928,
    "NoAns_exact": 78.50294365012616,
    "NoAns_f1": 78.50294365012616,
    "NoAns_total": 5945,
    "best_exact": 58.46037227322496,
    "best_exact_thresh": 0.044922128319740295,
    "best_f1": 61.17514663913055,
    "best_f1_thresh": 0.06239427253603935,
    "exact": 58.35930261938853,
    "f1": 61.135841773749526,
    "total": 11873
  },
  "number_of_energy_samples": 3,
  "number_of_feature_windows": 12134,
  "number_of_inference_tokens": 2184022,
  "number_of_measurement_passes": 1,
  "number_of_raw_evaluation_examples": 11873
}