{
  "average_latency_per_feature_window_milliseconds": 1.9011644191561565,
  "average_latency_per_raw_example_milliseconds": 1.942957050622488,
  "effective_document_stride": 128,
  "inference_energy_joules": 1649.9689229083058,
  "inference_runtime_seconds": 23.068729062040802,
  "joules_per_exact_match_correct_example": 0.25926601554184564,
  "joules_per_feature_window": 0.13597897831780995,
  "joules_per_inference_example": 0.13896815656601583,
  "joules_per_inference_token": 0.0011870331259763033,
  "maximum_sequence_length": 384,
  "metrics_raw": {
    "HasAns_exact": 41.19433198380567,
    "HasAns_f1": 59.84378353786984,
    "HasAns_total": 5928,
    "NoAns_exact": 0.15138772077375945,
    "NoAns_f1": 0.15138772077375945,
    "NoAns_total": 5945,
    "best_exact": 54.105954687105196,
    "best_exact_thresh": 0.012629169970750809,
    "best_f1": 58.81880890831526,
    "best_f1_thresh": 0.09953806549310684,
    "exact": 20.643476796091974,
    "f1": 29.954851243366665,
    "total": 11873
  },
  "metrics_thresholded": {
    "HasAns_exact": 27.749662618083672,
    "HasAns_f1": 38.0039103169298,
    "HasAns_total": 5928,
    "NoAns_exact": 79.37762825904122,
    "NoAns_f1": 79.37762825904122,
    "NoAns_total": 5945,
    "best_exact": 54.105954687105196,
    "best_exact_thresh": 0.012629169970750809,
    "best_f1": 58.721125211818325,
    "best_f1_thresh": 0.06158566102385521,
    "exact": 53.60060641792302,
    "f1": 58.72038914838371,
    "total": 11873
  },
  "no_answer_probability_threshold": 0.06458,
  "number_of_context_tokens_after_pruning": 1203294,
  "number_of_context_tokens_before_pruning": 1997658,
  "number_of_energy_samples": 102,
  "number_of_feature_windows": 12134,
  "number_of_inference_tokens": 1389994,
  "number_of_raw_evaluation_examples": 11873,
  "realized_context_keep_ratio": 0.6023523546072451,
  "token_pruning_keep_ratio": 0.6,
  "token_pruning_keep_ratio_label": "0.60"
}