{
  "average_latency_per_feature_window_milliseconds": 2.064482403498455,
  "average_latency_per_raw_example_milliseconds": 2.109865197005833,
  "effective_document_stride": 128,
  "inference_energy_joules": 1787.2037774240964,
  "inference_runtime_seconds": 25.050429484050255,
  "joules_per_exact_match_correct_example": 0.2076936406071001,
  "joules_per_feature_window": 0.14728892182496262,
  "joules_per_inference_example": 0.15052672259951963,
  "joules_per_inference_token": 0.0008183085048704163,
  "maximum_sequence_length": 384,
  "metrics_raw": {
    "HasAns_exact": 78.0701754385965,
    "HasAns_f1": 86.64128148148619,
    "HasAns_total": 5928,
    "NoAns_exact": 0.0,
    "NoAns_f1": 0.0,
    "NoAns_total": 5945,
    "best_exact": 72.54274404110166,
    "best_exact_thresh": 0.052618954330682755,
    "best_f1": 75.52154843063957,
    "best_f1_thresh": 0.08756384253501892,
    "exact": 38.979196496252,
    "f1": 43.258613376758206,
    "total": 11873
  },
  "metrics_thresholded": {
    "HasAns_exact": 64.84480431848853,
    "HasAns_f1": 70.8268272699108,
    "HasAns_total": 5928,
    "NoAns_exact": 80.08410428931876,
    "NoAns_f1": 80.08410428931876,
    "NoAns_total": 5945,
    "best_exact": 72.54274404110166,
    "best_exact_thresh": 0.052618954330682755,
    "best_f1": 75.49746033739939,
    "best_f1_thresh": 0.052618954330682755,
    "exact": 72.47536427187737,
    "f1": 75.46209315725015,
    "total": 11873
  },
  "model_parameter_dtype": "torch.bfloat16",
  "no_answer_probability_threshold": 0.06458,
  "number_of_energy_samples": 109,
  "number_of_feature_windows": 12134,
  "number_of_inference_tokens": 2184022,
  "number_of_raw_evaluation_examples": 11873,
  "precision_mode": "bf16",
  "precision_skip_reason": null,
  "precision_supported": true
}