{
  "average_latency_per_feature_window_milliseconds": 9.63990847964391,
  "average_latency_per_raw_example_milliseconds": 9.851819210982837,
  "effective_document_stride": 128,
  "inference_energy_joules": 8420.782059071069,
  "inference_runtime_seconds": 116.97064949199921,
  "joules_per_exact_match_correct_example": 1.0660567235183023,
  "joules_per_feature_window": 0.6939823684746225,
  "joules_per_inference_example": 0.709237939785317,
  "joules_per_inference_token": 0.0038556306021968042,
  "maximum_sequence_length": 384,
  "metrics_raw": {
    "HasAns_exact": 73.29622132253711,
    "HasAns_f1": 82.77829530072769,
    "HasAns_total": 5928,
    "NoAns_exact": 0.0,
    "NoAns_f1": 0.0,
    "NoAns_total": 5945,
    "best_exact": 66.55436705129284,
    "best_exact_thresh": 0.03908805549144745,
    "best_f1": 69.69431884129189,
    "best_f1_thresh": 0.1826016753911972,
    "exact": 36.595637159942726,
    "f1": 41.32988583700108,
    "total": 11873
  },
  "metrics_thresholded": {
    "HasAns_exact": 54.36909581646424,
    "HasAns_f1": 60.02829570656653,
    "HasAns_total": 5928,
    "NoAns_exact": 78.65433137089991,
    "NoAns_f1": 78.65433137089991,
    "NoAns_total": 5945,
    "best_exact": 66.55436705129284,
    "best_exact_thresh": 0.03908805549144745,
    "best_f1": 69.35464810482001,
    "best_f1_thresh": 0.06436346471309662,
    "exact": 66.52909963783374,
    "f1": 69.35464810481989,
    "total": 11873
  },
  "no_answer_probability_threshold": 0.06458,
  "number_of_energy_samples": 517,
  "number_of_feature_windows": 12134,
  "number_of_inference_tokens": 2184022,
  "number_of_raw_evaluation_examples": 11873
}