{
  "average_latency_per_feature_window_milliseconds": 2.2289812856436524,
  "average_latency_per_raw_example_milliseconds": 2.27798020045482,
  "effective_document_stride": 128,
  "inference_energy_joules": 1953.622129070759,
  "inference_runtime_seconds": 27.046458920000077,
  "joules_per_exact_match_correct_example": 0.24726264132018214,
  "joules_per_feature_window": 0.1610039664637184,
  "joules_per_inference_example": 0.1645432602603183,
  "joules_per_inference_token": 0.0008945066162661178,
  "maximum_sequence_length": 384,
  "metrics_raw": {
    "HasAns_exact": 73.3468286099865,
    "HasAns_f1": 82.77838662839856,
    "HasAns_total": 5928,
    "NoAns_exact": 0.0,
    "NoAns_f1": 0.0,
    "NoAns_total": 5945,
    "best_exact": 66.588056935905,
    "best_exact_thresh": 0.04146227240562439,
    "best_f1": 69.66862139994795,
    "best_f1_thresh": 0.1710611879825592,
    "exact": 36.62090457340184,
    "f1": 41.32993143545411,
    "total": 11873
  },
  "metrics_thresholded": {
    "HasAns_exact": 54.402834008097166,
    "HasAns_f1": 60.06784712753317,
    "HasAns_total": 5928,
    "NoAns_exact": 78.65433137089991,
    "NoAns_f1": 78.65433137089991,
    "NoAns_total": 5945,
    "best_exact": 66.588056935905,
    "best_exact_thresh": 0.04146227240562439,
    "best_f1": 69.37439550004362,
    "best_f1_thresh": 0.0645354762673378,
    "exact": 66.54594458013982,
    "f1": 69.3743955000435,
    "total": 11873
  },
  "model_parameter_dtype": "torch.bfloat16",
  "no_answer_probability_threshold": 0.06458,
  "number_of_energy_samples": 121,
  "number_of_feature_windows": 12134,
  "number_of_inference_tokens": 2184022,
  "number_of_raw_evaluation_examples": 11873,
  "precision_mode": "bf16",
  "precision_skip_reason": null,
  "precision_supported": true
}