label,max_sequence_length,accuracy,energy_per_example_j,energy_per_correct_j,average_latency_per_example_ms,peak_gpu_memory_mb
max_sequence_length_128,128,0.930045871559633,0.21057674617728958,0.2264154410192312,2.953859161695009,692.2392578125
max_sequence_length_96,96,0.930045871559633,0.14782911813054173,0.15894820099856027,2.101702724774758,626.5830078125
max_sequence_length_64,64,0.930045871559633,0.09648890285463595,0.10374639123211166,1.4362304116963862,560.17626953125
max_sequence_length_48,48,0.930045871559633,0.07101857062652184,0.07636028802259809,1.0679319942637198,527.02001953125
max_sequence_length_40,40,0.9288990825688074,0.05831159292257072,0.0627749494178786,0.9429099759138833,510.45361328125
max_sequence_length_32,32,0.911697247706422,0.044857964318088396,0.04920269796902275,0.7656073555045381,493.89501953125
max_sequence_length_24,24,0.8864678899082569,0.03016860038079937,0.034032366794381694,0.5892665756894304,477.34423828125
max_sequence_length_16,16,0.8325688073394495,0.017265974061253454,0.020738194740238306,0.4305505665155195,460.80126953125
