{
  "average_latency_per_feature_window_milliseconds": 7.279564378411817,
  "average_latency_per_raw_example_milliseconds": 7.929470740840565,
  "effective_document_stride": 128,
  "inference_energy_joules": 6775.301746966835,
  "inference_runtime_seconds": 94.14660610600004,
  "joules_per_exact_match_correct_example": 0.7944772217362611,
  "joules_per_feature_window": 0.5238770391221553,
  "joules_per_inference_example": 0.5706478351694462,
  "joules_per_inference_token": 0.0029460651657840465,
  "maximum_sequence_length": 288,
  "metrics_raw": {
    "HasAns_exact": 75.53981106612686,
    "HasAns_f1": 84.06134678603291,
    "HasAns_total": 5928,
    "NoAns_exact": 0.0,
    "NoAns_f1": 0.0,
    "NoAns_total": 5945,
    "best_exact": 72.26480249305146,
    "best_exact_thresh": 0.007931102998554707,
    "best_f1": 75.10660924178804,
    "best_f1_thresh": 0.09729219228029251,
    "exact": 37.715825823296555,
    "f1": 41.970493030203244,
    "total": 11873
  },
  "metrics_thresholded": {
    "HasAns_exact": 64.40620782726046,
    "HasAns_f1": 70.72548193201652,
    "HasAns_total": 5928,
    "NoAns_exact": 79.22624053826745,
    "NoAns_f1": 79.22624053826745,
    "NoAns_total": 5945,
    "best_exact": 72.26480249305146,
    "best_exact_thresh": 0.007931102998554707,
    "best_f1": 75.09919266606258,
    "best_f1_thresh": 0.03531057387590408,
    "exact": 71.82683399309357,
    "f1": 74.98194701364389,
    "total": 11873
  },
  "no_answer_probability_threshold": 0.06458,
  "number_of_energy_samples": 415,
  "number_of_feature_windows": 12933,
  "number_of_inference_tokens": 2299780,
  "number_of_raw_evaluation_examples": 11873
}