{
  "average_latency_per_feature_window_milliseconds": 2.2415687979231858,
  "average_latency_per_raw_example_milliseconds": 2.2908444196075073,
  "effective_document_stride": 128,
  "inference_energy_joules": 1946.1387625837326,
  "inference_runtime_seconds": 27.199195793999934,
  "joules_per_exact_match_correct_example": 0.3214102002615578,
  "joules_per_feature_window": 0.16038723937561666,
  "joules_per_inference_example": 0.1639129758766725,
  "joules_per_inference_token": 0.0024588012904422276,
  "maximum_sequence_length": 384,
  "metrics_raw": {
    "HasAns_exact": 24.64574898785425,
    "HasAns_f1": 38.15943578036904,
    "HasAns_total": 5928,
    "NoAns_exact": 0.21867115222876365,
    "NoAns_f1": 0.21867115222876365,
    "NoAns_total": 5945,
    "best_exact": 53.339509812178896,
    "best_exact_thresh": 0.00022488513786811382,
    "best_f1": 55.66360240192385,
    "best_f1_thresh": 0.0006368776666931808,
    "exact": 12.414722479575508,
    "f1": 19.161891291672507,
    "total": 11873
  },
  "metrics_thresholded": {
    "HasAns_exact": 17.5944669365722,
    "HasAns_f1": 25.46097625379009,
    "HasAns_total": 5928,
    "NoAns_exact": 84.30613961312027,
    "NoAns_f1": 84.30613961312027,
    "NoAns_total": 5945,
    "best_exact": 53.339509812178896,
    "best_exact_thresh": 0.00022488513786811382,
    "best_f1": 55.66360240192385,
    "best_f1_thresh": 0.0006368776666931808,
    "exact": 50.998062831634805,
    "f1": 54.9256857771808,
    "total": 11873
  },
  "no_answer_probability_threshold": 0.06458,
  "number_of_context_tokens_after_pruning": 604812,
  "number_of_context_tokens_before_pruning": 1997658,
  "number_of_energy_samples": 122,
  "number_of_feature_windows": 12134,
  "number_of_inference_tokens": 791499,
  "number_of_raw_evaluation_examples": 11873,
  "realized_context_keep_ratio": 0.3027605325836555,
  "token_pruning_keep_ratio": 0.3,
  "token_pruning_keep_ratio_label": "0.30"
}