{
  "HasAns_exact": 31.72690763052209,
  "HasAns_f1": 44.09846546581058,
  "HasAns_total": 498,
  "NoAns_exact": 0.0,
  "NoAns_f1": 0.0,
  "NoAns_total": 502,
  "best_exact": 50.2,
  "best_exact_thresh": 0.0,
  "best_f1": 50.2,
  "best_f1_thresh": 0.0,
  "exact": 15.8,
  "f1": 21.961035801973665,
  "total": 1000
}