label,max_sequence_length,accuracy,f1,energy_per_example_j,energy_per_correct_j,average_latency_per_example_ms,peak_gpu_memory_mb
max_sequence_length_128,128,0.910390625,0.8781472431743333,0.213714321825694,0.2347501346750951,3.090178492265636,692.2392578125
max_sequence_length_96,96,0.910390625,0.8781472431743333,0.15645537818469324,0.17185521674796822,2.183973344453136,626.5830078125
max_sequence_length_64,64,0.910234375,0.8779347710612982,0.11546841426793403,0.12685569501584032,1.5586588928127298,560.17626953125
max_sequence_length_48,48,0.909296875,0.8766337264902774,0.08057887348431222,0.08861668361536185,1.1267967864844763,527.02001953125
max_sequence_length_40,40,0.90515625,0.8709883103081828,0.07213166070527265,0.07968973390535904,1.0107102338281493,510.45361328125
max_sequence_length_32,32,0.895546875,0.8566834601779397,0.05924126553790236,0.0661509377026215,0.8282000929688138,493.89501953125
max_sequence_length_24,24,0.85125,0.7903545474565074,0.0431497713777987,0.050689892954829605,0.6255596934374807,477.34423828125
max_sequence_length_16,16,0.731328125,0.5651789101024149,0.031783587943740324,0.0434600924772862,0.45974431023438456,460.80126953125
