label,num_encoder_layers,max_sequence_length,accuracy,f1,energy_per_example_j,energy_per_correct_j,average_latency_per_example_ms,peak_gpu_memory_mb
12,12,128,0.90972050457581,0.8788904373216537,0.240048851991781,0.2638709920072786,3.327891026144079,692.2392578125
10,10,128,0.7441751174870146,0.7360604282032307,0.20163853398603565,0.2709557592666408,2.8112196864209045,639.0380859375
8,8,128,0.6829581993569132,0.6972459728848789,0.1624079651253706,0.23780073989637598,2.2517987175860825,584.9619140625
6,6,128,0.62508038585209,0.6623150953484227,0.12201758449210298,0.1952030286884981,1.6946012672025685,530.8857421875
4,4,128,0.7150630719762553,0.6897721764420747,0.08177627556928503,0.11436232519080573,1.1365923236705344,476.8095703125
2,2,128,0.6318327974276527,0.0,0.04167550628092119,0.06595970714181419,0.5855089530795003,422.7333984375
