{
  "average_latency_per_feature_window_milliseconds": 2.762751619416461,
  "average_latency_per_raw_example_milliseconds": 2.8234842205002395,
  "effective_document_stride": 128,
  "inference_energy_joules": 2417.0612354588507,
  "inference_runtime_seconds": 33.52322814999934,
  "joules_per_exact_match_correct_example": 0.38531185006517626,
  "joules_per_feature_window": 0.19919739866975858,
  "joules_per_inference_example": 0.20357628530774452,
  "joules_per_inference_token": 0.0024397262927182027,
  "maximum_sequence_length": 384,
  "metrics_raw": {
    "HasAns_exact": 31.157219973009447,
    "HasAns_f1": 45.850077312020275,
    "HasAns_total": 5928,
    "NoAns_exact": 0.3700588730025231,
    "NoAns_f1": 0.3700588730025231,
    "NoAns_total": 5945,
    "best_exact": 53.86170302366715,
    "best_exact_thresh": 0.009114890359342098,
    "best_f1": 56.31852052740456,
    "best_f1_thresh": 0.021514328196644783,
    "exact": 15.741598585024846,
    "f1": 23.077508490327315,
    "total": 11873
  },
  "metrics_thresholded": {
    "HasAns_exact": 19.82118758434548,
    "HasAns_f1": 26.307218723531324,
    "HasAns_total": 5928,
    "NoAns_exact": 85.75273338940286,
    "NoAns_f1": 85.75273338940286,
    "NoAns_total": 5945,
    "best_exact": 53.86170302366715,
    "best_exact_thresh": 0.009114890359342098,
    "best_f1": 56.31852052740456,
    "best_f1_thresh": 0.021514328196644783,
    "exact": 52.83416154299672,
    "f1": 56.0725336977254,
    "total": 11873
  },
  "no_answer_probability_threshold": 0.06458,
  "number_of_context_tokens_after_pruning": 804075,
  "number_of_context_tokens_before_pruning": 1997658,
  "number_of_energy_samples": 150,
  "number_of_feature_windows": 12134,
  "number_of_inference_tokens": 990710,
  "number_of_raw_evaluation_examples": 11873,
  "realized_context_keep_ratio": 0.40250883784912134,
  "token_pruning_keep_ratio": 0.4,
  "token_pruning_keep_ratio_label": "0.40"
}