label,num_encoder_layers,max_sequence_length,accuracy,energy_per_example_j,energy_per_correct_j,average_latency_per_example_ms,peak_gpu_memory_mb
12,12,128,0.930045871559633,0.21147683673867873,0.22738323259695173,2.9469528887619476,692.2392578125
10,10,128,0.9162844036697247,0.17394862473344153,0.18984130258768586,2.4685981995406423,639.0380859375
8,8,128,0.786697247706422,0.14135326731582742,0.17967937186501678,1.9688227327998167,584.9619140625
6,6,128,0.680045871559633,0.10846194158086891,0.1594920962200973,1.5061575194931303,530.8857421875
4,4,128,0.4908256880733945,0.06678081374863029,0.13605810651590097,1.014837279816416,476.8095703125
2,2,128,0.4908256880733945,0.03462760528929857,0.07054970049595409,0.5272298967903317,422.7333984375
