{
  "average_latency_per_feature_window_milliseconds": 4.592055017304544,
  "average_latency_per_raw_example_milliseconds": 4.693000554196356,
  "effective_document_stride": 128,
  "inference_energy_joules": 4011.5378035604967,
  "inference_runtime_seconds": 55.71999557997333,
  "joules_per_exact_match_correct_example": 0.5077895953874046,
  "joules_per_feature_window": 0.33060308254165954,
  "joules_per_inference_example": 0.3378706142980289,
  "joules_per_inference_token": 0.0018367662063662805,
  "maximum_sequence_length": 384,
  "metrics_raw": {
    "HasAns_exact": 75.74224021592443,
    "HasAns_f1": 83.7601018310101,
    "HasAns_total": 5928,
    "NoAns_exact": 0.0,
    "NoAns_f1": 0.0,
    "NoAns_total": 5945,
    "best_exact": 66.92495578202644,
    "best_exact_thresh": 0.15908154845237732,
    "best_f1": 69.41803655859204,
    "best_f1_thresh": 0.15908154845237732,
    "exact": 37.81689547713299,
    "f1": 41.82008621698205,
    "total": 11873
  },
  "metrics_thresholded": {
    "HasAns_exact": 54.689608636977056,
    "HasAns_f1": 58.88275702419238,
    "HasAns_total": 5928,
    "NoAns_exact": 78.3515559293524,
    "NoAns_f1": 78.3515559293524,
    "NoAns_total": 5945,
    "best_exact": 66.57963446475196,
    "best_exact_thresh": 0.05568316578865051,
    "best_f1": 68.65506603419779,
    "best_f1_thresh": 0.06324758380651474,
    "exact": 66.53752210898678,
    "f1": 68.63109438553123,
    "total": 11873
  },
  "no_answer_probability_threshold": 0.06458,
  "number_of_energy_samples": 247,
  "number_of_feature_windows": 12134,
  "number_of_inference_tokens": 2184022,
  "number_of_raw_evaluation_examples": 11873
}