{
  "HasAns_exact": 79.68960863697706,
  "HasAns_f1": 87.77494912614995,
  "HasAns_total": 5928,
  "NoAns_exact": 0.0,
  "NoAns_f1": 0.0,
  "NoAns_total": 5945,
  "best_exact": 73.51132822370083,
  "best_exact_thresh": 0.06258820742368698,
  "best_f1": 76.52811656995507,
  "best_f1_thresh": 0.06455658376216888,
  "exact": 39.787753726943485,
  "f1": 43.82463559503216,
  "total": 11873
}