{
  "dataset_id": "squad_v2",
  "inference_energy": {
    "energy_joules": 5072.915727810857,
    "joules_per_inference_batch": 6.683683435850932,
    "joules_per_inference_example": 0.4180744789690833,
    "joules_per_inference_token": 0.0023227402140687486,
    "number_of_inference_batches": 759,
    "number_of_inference_examples": 12134,
    "number_of_inference_tokens": 2184022,
    "phase": "inference"
  },
  "metrics": {
    "HasAns_exact": 79.68960863697706,
    "HasAns_f1": 87.77494912614995,
    "HasAns_total": 5928,
    "NoAns_exact": 0.0,
    "NoAns_f1": 0.0,
    "NoAns_total": 5945,
    "best_exact": 73.51132822370083,
    "best_exact_thresh": 0.06258820742368698,
    "best_f1": 76.52811656995507,
    "best_f1_thresh": 0.06455658376216888,
    "exact": 39.787753726943485,
    "f1": 43.82463559503216,
    "total": 11873
  },
  "model_name_or_path": "bert-base-uncased",
  "run_identifier": "2026-03-05_02-13-15_baseline_squad_v2",
  "training_energy": {
    "energy_joules": 626520.4181750119,
    "joules_per_training_example": 2.3776144108528463,
    "joules_per_training_step": 19.020049124924466,
    "joules_per_training_token": 0.013950479575248836,
    "number_of_training_examples": 263508,
    "number_of_training_steps": 32940,
    "number_of_training_tokens": 44910314,
    "phase": "training"
  }
}