{
  "average_latency_per_feature_window_milliseconds": 2.2379110931267507,
  "average_latency_per_raw_example_milliseconds": 2.287106308767792,
  "effective_document_stride": 128,
  "inference_energy_joules": 1945.8887831616405,
  "inference_runtime_seconds": 27.154813203999993,
  "joules_per_exact_match_correct_example": 0.22547958089937897,
  "joules_per_feature_window": 0.16036663780794796,
  "joules_per_inference_example": 0.16389192143195827,
  "joules_per_inference_token": 0.0008909657426352118,
  "maximum_sequence_length": 384,
  "metrics_raw": {
    "HasAns_exact": 77.69905533063428,
    "HasAns_f1": 86.29664240126955,
    "HasAns_total": 5928,
    "NoAns_exact": 0.0,
    "NoAns_f1": 0.0,
    "NoAns_total": 5945,
    "best_exact": 73.05651478143687,
    "best_exact_thresh": 0.00898542907088995,
    "best_f1": 76.09399258935423,
    "best_f1_thresh": 0.09773431718349457,
    "exact": 38.7939021308852,
    "f1": 43.086540567230344,
    "total": 11873
  },
  "metrics_thresholded": {
    "HasAns_exact": 66.53171390013495,
    "HasAns_f1": 73.01796998065372,
    "HasAns_total": 5928,
    "NoAns_exact": 78.82253994953743,
    "NoAns_f1": 78.82253994953743,
    "NoAns_total": 5945,
    "best_exact": 73.05651478143687,
    "best_exact_thresh": 0.00898542907088995,
    "best_f1": 76.00042770103124,
    "best_f1_thresh": 0.03358950465917587,
    "exact": 72.68592605070327,
    "f1": 75.92441051506066,
    "total": 11873
  },
  "model_parameter_dtype": "torch.bfloat16",
  "no_answer_probability_threshold": 0.06458,
  "number_of_energy_samples": 121,
  "number_of_feature_windows": 12134,
  "number_of_inference_tokens": 2184022,
  "number_of_raw_evaluation_examples": 11873,
  "precision_mode": "bf16",
  "precision_skip_reason": null,
  "precision_supported": true
}