{
  "HasAns_exact": 75.74224021592443,
  "HasAns_f1": 83.7601018310101,
  "HasAns_total": 5928,
  "NoAns_exact": 0.0,
  "NoAns_f1": 0.0,
  "NoAns_total": 5945,
  "best_exact": 66.92495578202644,
  "best_exact_thresh": 0.15908174216747284,
  "best_f1": 69.41803655859204,
  "best_f1_thresh": 0.15908174216747284,
  "exact": 37.81689547713299,
  "f1": 41.82008621698205,
  "total": 11873
}