{
  "HasAns_exact": 54.689608636977056,
  "HasAns_f1": 58.88275702419238,
  "HasAns_total": 5928,
  "NoAns_exact": 78.3515559293524,
  "NoAns_f1": 78.3515559293524,
  "NoAns_total": 5945,
  "best_exact": 66.57963446475196,
  "best_exact_thresh": 0.055683016777038574,
  "best_f1": 68.65506603419779,
  "best_f1_thresh": 0.06324764341115952,
  "exact": 66.53752210898678,
  "f1": 68.63109438553123,
  "total": 11873
}