{
  "average_latency_per_feature_window_milliseconds": 6.679804753930194,
  "average_latency_per_raw_example_milliseconds": 7.730187595300333,
  "effective_document_stride": 128,
  "inference_energy_joules": 6615.866137441395,
  "inference_runtime_seconds": 91.78051731900086,
  "joules_per_exact_match_correct_example": 0.8501498506092772,
  "joules_per_feature_window": 0.48150408569442466,
  "joules_per_inference_example": 0.5572194169494984,
  "joules_per_inference_token": 0.0027381863194038923,
  "maximum_sequence_length": 256,
  "metrics_raw": {
    "HasAns_exact": 69.29824561403508,
    "HasAns_f1": 78.61524994884478,
    "HasAns_total": 5928,
    "NoAns_exact": 0.0,
    "NoAns_f1": 0.0,
    "NoAns_total": 5945,
    "best_exact": 65.59420533984671,
    "best_exact_thresh": 0.03908834233880043,
    "best_f1": 68.44215845704603,
    "best_f1_thresh": 0.18469224870204926,
    "exact": 34.599511496673124,
    "f1": 39.251343527057344,
    "total": 11873
  },
  "metrics_thresholded": {
    "HasAns_exact": 51.180836707152494,
    "HasAns_f1": 56.48294033735124,
    "HasAns_total": 5928,
    "NoAns_exact": 79.86543313709,
    "NoAns_f1": 79.86543313709,
    "NoAns_total": 5945,
    "best_exact": 65.59420533984671,
    "best_exact_thresh": 0.03908834233880043,
    "best_f1": 68.21619391222272,
    "best_f1_thresh": 0.06282418221235275,
    "exact": 65.5436705129285,
    "f1": 68.19092649876343,
    "total": 11873
  },
  "no_answer_probability_threshold": 0.06458,
  "number_of_energy_samples": 406,
  "number_of_feature_windows": 13740,
  "number_of_inference_tokens": 2416149,
  "number_of_raw_evaluation_examples": 11873
}