{
  "average_latency_per_feature_window_milliseconds": 3.8948779824116344,
  "average_latency_per_raw_example_milliseconds": 4.10285849625388,
  "effective_document_stride": 128,
  "inference_energy_joules": 3497.2227177047735,
  "inference_runtime_seconds": 48.71323892602231,
  "joules_per_exact_match_correct_example": 0.4437536756382151,
  "joules_per_feature_window": 0.2796212295278463,
  "joules_per_inference_example": 0.29455257455611666,
  "joules_per_inference_token": 0.0015625708876797874,
  "maximum_sequence_length": 320,
  "metrics_raw": {
    "HasAns_exact": 74.64574898785425,
    "HasAns_f1": 82.53479432745588,
    "HasAns_total": 5928,
    "NoAns_exact": 0.0,
    "NoAns_f1": 0.0,
    "NoAns_total": 5945,
    "best_exact": 66.75650635896572,
    "best_exact_thresh": 0.15908168256282806,
    "best_f1": 69.17660568005938,
    "best_f1_thresh": 0.15908168256282806,
    "exact": 37.26943485218563,
    "f1": 41.20830967515864,
    "total": 11873
  },
  "metrics_thresholded": {
    "HasAns_exact": 54.04858299595141,
    "HasAns_f1": 58.11966595327051,
    "HasAns_total": 5928,
    "NoAns_exact": 78.67115222876367,
    "NoAns_f1": 78.67115222876367,
    "NoAns_total": 5945,
    "best_exact": 66.41118504169123,
    "best_exact_thresh": 0.05568336695432663,
    "best_f1": 68.42807770438615,
    "best_f1_thresh": 0.06324775516986847,
    "exact": 66.37749515707908,
    "f1": 68.41012210654321,
    "total": 11873
  },
  "no_answer_probability_threshold": 0.06458,
  "number_of_energy_samples": 214,
  "number_of_feature_windows": 12507,
  "number_of_inference_tokens": 2238121,
  "number_of_raw_evaluation_examples": 11873
}