{
  "average_latency_per_feature_window_milliseconds": 8.317728853522135,
  "average_latency_per_raw_example_milliseconds": 8.761882824138915,
  "effective_document_stride": 128,
  "inference_energy_joules": 7495.514926884176,
  "inference_runtime_seconds": 104.02983477100133,
  "joules_per_exact_match_correct_example": 0.9510867817388879,
  "joules_per_feature_window": 0.5993055830242405,
  "joules_per_inference_example": 0.6313075824883497,
  "joules_per_inference_token": 0.0033490213115752792,
  "maximum_sequence_length": 320,
  "metrics_raw": {
    "HasAns_exact": 72.33468286099865,
    "HasAns_f1": 81.66113328956668,
    "HasAns_total": 5928,
    "NoAns_exact": 0.0,
    "NoAns_f1": 0.0,
    "NoAns_total": 5945,
    "best_exact": 66.4027625705382,
    "best_exact_thresh": 0.0567299947142601,
    "best_f1": 69.3975068233625,
    "best_f1_thresh": 0.18260125815868378,
    "exact": 36.11555630421966,
    "f1": 40.77210461892961,
    "total": 11873
  },
  "metrics_thresholded": {
    "HasAns_exact": 53.6774628879892,
    "HasAns_f1": 59.172562998785075,
    "HasAns_total": 5928,
    "NoAns_exact": 79.0412111017662,
    "NoAns_f1": 79.0412111017662,
    "NoAns_total": 5945,
    "best_exact": 66.4027625705382,
    "best_exact_thresh": 0.0567299947142601,
    "best_f1": 69.12953368624612,
    "best_f1_thresh": 0.06377523392438889,
    "exact": 66.37749515707908,
    "f1": 69.1211112150929,
    "total": 11873
  },
  "no_answer_probability_threshold": 0.06458,
  "number_of_energy_samples": 461,
  "number_of_feature_windows": 12507,
  "number_of_inference_tokens": 2238121,
  "number_of_raw_evaluation_examples": 11873
}