{
  "average_latency_per_feature_window_milliseconds": 9.000714563213391,
  "average_latency_per_raw_example_milliseconds": 9.19857411859103,
  "effective_document_stride": 128,
  "inference_energy_joules": 7849.244126944542,
  "inference_runtime_seconds": 109.21467051003128,
  "joules_per_exact_match_correct_example": 0.9118545686506205,
  "joules_per_feature_window": 0.6468801818810402,
  "joules_per_inference_example": 0.6611003223233001,
  "joules_per_inference_token": 0.0035939400459082103,
  "maximum_sequence_length": 384,
  "metrics_raw": {
    "HasAns_exact": 78.10391363022941,
    "HasAns_f1": 86.67330761115566,
    "HasAns_total": 5928,
    "NoAns_exact": 0.0,
    "NoAns_f1": 0.0,
    "NoAns_total": 5945,
    "best_exact": 72.55958898340774,
    "best_exact_thresh": 0.05494454503059387,
    "best_f1": 75.60498838176252,
    "best_f1_thresh": 0.08541812002658844,
    "exact": 38.99604143855807,
    "f1": 43.27460351376491,
    "total": 11873
  },
  "metrics_thresholded": {
    "HasAns_exact": 64.86167341430499,
    "HasAns_f1": 70.86017534187442,
    "HasAns_total": 5928,
    "NoAns_exact": 80.11774600504626,
    "NoAns_f1": 80.11774600504626,
    "NoAns_total": 5945,
    "best_exact": 72.55958898340774,
    "best_exact_thresh": 0.05494454503059387,
    "best_f1": 75.51231113882478,
    "best_f1_thresh": 0.060775116086006165,
    "exact": 72.50063168533647,
    "f1": 75.49558826131825,
    "total": 11873
  },
  "model_parameter_dtype": "torch.float32",
  "no_answer_probability_threshold": 0.06458,
  "number_of_energy_samples": 479,
  "number_of_feature_windows": 12134,
  "number_of_inference_tokens": 2184022,
  "number_of_raw_evaluation_examples": 11873,
  "precision_mode": "fp32",
  "precision_skip_reason": null,
  "precision_supported": true
}