{
  "average_latency_per_feature_window_milliseconds": 6.7752061649229045,
  "average_latency_per_raw_example_milliseconds": 7.840590643143325,
  "effective_document_stride": 128,
  "inference_energy_joules": 0.0,
  "inference_runtime_seconds": 93.0913327060407,
  "joules_per_exact_match_correct_example": 0.0,
  "joules_per_feature_window": 0.0,
  "joules_per_inference_example": 0.0,
  "joules_per_inference_token": 0.0,
  "maximum_sequence_length": 256,
  "metrics_raw": {
    "HasAns_exact": 75.1855600539811,
    "HasAns_f1": 83.09600163448034,
    "HasAns_total": 5928,
    "NoAns_exact": 0.0,
    "NoAns_f1": 0.0,
    "NoAns_total": 5945,
    "best_exact": 71.68365198349196,
    "best_exact_thresh": 0.08954506367444992,
    "best_f1": 74.64732081164638,
    "best_f1_thresh": 0.21093419194221497,
    "exact": 37.538953929082794,
    "f1": 41.48851155472075,
    "total": 11873
  },
  "metrics_thresholded": {
    "HasAns_exact": 62.82051282051282,
    "HasAns_f1": 68.21685882170199,
    "HasAns_total": 5928,
    "NoAns_exact": 80.40370058873002,
    "NoAns_f1": 80.40370058873002,
    "NoAns_total": 5945,
    "best_exact": 71.66680704118589,
    "best_exact_thresh": 0.05072763189673424,
    "best_f1": 74.32742685884338,
    "best_f1_thresh": 0.06342647969722748,
    "exact": 71.6246946854207,
    "f1": 74.31900438769051,
    "total": 11873
  },
  "no_answer_probability_threshold": 0.06458,
  "number_of_feature_windows": 13740,
  "number_of_inference_tokens": 2416149,
  "number_of_raw_evaluation_examples": 11873
}