{
  "average_latency_per_feature_window_milliseconds": 4.787798070051109,
  "average_latency_per_raw_example_milliseconds": 4.893046557904502,
  "effective_document_stride": 128,
  "inference_energy_joules": 4190.082800370458,
  "inference_runtime_seconds": 58.095141782000155,
  "joules_per_exact_match_correct_example": 0.5227149202058955,
  "joules_per_feature_window": 0.34531752104585944,
  "joules_per_inference_example": 0.35290851514953747,
  "joules_per_inference_token": 0.002341520371311107,
  "maximum_sequence_length": 384,
  "metrics_raw": {
    "HasAns_exact": 65.38461538461539,
    "HasAns_f1": 78.15815028155568,
    "HasAns_total": 5928,
    "NoAns_exact": 0.0672834314550042,
    "NoAns_f1": 0.0672834314550042,
    "NoAns_total": 5945,
    "best_exact": 67.81773772424829,
    "best_exact_thresh": 0.018679026514291763,
    "best_f1": 72.27103410403137,
    "best_f1_thresh": 0.050576984882354736,
    "exact": 32.67918807378085,
    "f1": 39.05681082026969,
    "total": 11873
  },
  "metrics_thresholded": {
    "HasAns_exact": 55.43184885290148,
    "HasAns_f1": 64.75111069041192,
    "HasAns_total": 5928,
    "NoAns_exact": 79.56265769554247,
    "NoAns_f1": 79.56265769554247,
    "NoAns_total": 5945,
    "best_exact": 67.81773772424829,
    "best_exact_thresh": 0.018679026514291763,
    "best_f1": 72.27103410403137,
    "best_f1_thresh": 0.050576984882354736,
    "exact": 67.51452876273899,
    "f1": 72.16748792830471,
    "total": 11873
  },
  "no_answer_probability_threshold": 0.06458,
  "number_of_context_tokens_after_pruning": 1602938,
  "number_of_context_tokens_before_pruning": 1997658,
  "number_of_energy_samples": 258,
  "number_of_feature_windows": 12134,
  "number_of_inference_tokens": 1789471,
  "number_of_raw_evaluation_examples": 11873,
  "realized_context_keep_ratio": 0.8024086204945992,
  "token_pruning_keep_ratio": 0.8,
  "token_pruning_keep_ratio_label": "0.80"
}