{
  "average_latency_per_feature_window_milliseconds": 1.0434800725196076,
  "average_latency_per_raw_example_milliseconds": 1.0664185294325714,
  "effective_document_stride": 128,
  "inference_energy_joules": 880.6982367873194,
  "inference_runtime_seconds": 12.661587199952919,
  "joules_per_exact_match_correct_example": 0.11153726403081553,
  "joules_per_feature_window": 0.07258103154667211,
  "joules_per_inference_example": 0.07417655493871131,
  "joules_per_inference_token": 0.0004032460464168032,
  "maximum_sequence_length": 384,
  "metrics_raw": {
    "HasAns_exact": 75.65789473684211,
    "HasAns_f1": 83.73648028554912,
    "HasAns_total": 5928,
    "NoAns_exact": 0.0,
    "NoAns_f1": 0.0,
    "NoAns_total": 5945,
    "best_exact": 66.81546365703697,
    "best_exact_thresh": 0.14804719388484955,
    "best_f1": 69.30796723341032,
    "best_f1_thresh": 0.16451646387577057,
    "exact": 37.77478312136781,
    "f1": 41.808292355153306,
    "total": 11873
  },
  "metrics_thresholded": {
    "HasAns_exact": 54.65587044534413,
    "HasAns_f1": 58.94997039892306,
    "HasAns_total": 5928,
    "NoAns_exact": 78.31791421362489,
    "NoAns_f1": 78.31791421362489,
    "NoAns_total": 5945,
    "best_exact": 66.54594458013982,
    "best_exact_thresh": 0.05665242671966553,
    "best_f1": 68.67177966052671,
    "best_f1_thresh": 0.06371499598026276,
    "exact": 66.50383222437463,
    "f1": 68.64780801186018,
    "total": 11873
  },
  "model_parameter_dtype": "torch.bfloat16",
  "no_answer_probability_threshold": 0.06458,
  "number_of_energy_samples": 55,
  "number_of_feature_windows": 12134,
  "number_of_inference_tokens": 2184022,
  "number_of_raw_evaluation_examples": 11873,
  "precision_mode": "bf16",
  "precision_skip_reason": null,
  "precision_supported": true
}