{
  "average_latency_per_feature_window_milliseconds": 3.7390272482280325,
  "average_latency_per_raw_example_milliseconds": 3.821220974479824,
  "effective_document_stride": 128,
  "inference_energy_joules": 3261.7757075500494,
  "inference_runtime_seconds": 45.36935662999895,
  "joules_per_exact_match_correct_example": 0.47388866882900615,
  "joules_per_feature_window": 0.26881289826520927,
  "joules_per_inference_example": 0.2747221180451486,
  "joules_per_inference_token": 0.0023468308464353704,
  "maximum_sequence_length": 384,
  "metrics_raw": {
    "HasAns_exact": 46.963562753036435,
    "HasAns_f1": 62.15988231669562,
    "HasAns_total": 5928,
    "NoAns_exact": 0.2523128679562658,
    "NoAns_f1": 0.2523128679562658,
    "NoAns_total": 5945,
    "best_exact": 58.20769813863387,
    "best_exact_thresh": 0.028180059045553207,
    "best_f1": 61.97752117270565,
    "best_f1_thresh": 0.06353600323200226,
    "exact": 23.574496757348605,
    "f1": 31.161777341309833,
    "total": 11873
  },
  "metrics_thresholded": {
    "HasAns_exact": 32.827260458839405,
    "HasAns_f1": 40.79944481840925,
    "HasAns_total": 5928,
    "NoAns_exact": 83.04457527333894,
    "NoAns_f1": 83.04457527333894,
    "NoAns_total": 5945,
    "best_exact": 58.20769813863387,
    "best_exact_thresh": 0.028180059045553207,
    "best_f1": 61.97752117270565,
    "best_f1_thresh": 0.06353600323200226,
    "exact": 57.971868946348856,
    "f1": 61.9522537592462,
    "total": 11873
  },
  "no_answer_probability_threshold": 0.06458,
  "number_of_context_tokens_after_pruning": 1203294,
  "number_of_context_tokens_before_pruning": 1997658,
  "number_of_energy_samples": 202,
  "number_of_feature_windows": 12134,
  "number_of_inference_tokens": 1389864,
  "number_of_raw_evaluation_examples": 11873,
  "realized_context_keep_ratio": 0.6023523546072451,
  "token_pruning_keep_ratio": 0.6,
  "token_pruning_keep_ratio_label": "0.60"
}