{
  "average_latency_per_feature_window_milliseconds": 3.7387537695731257,
  "average_latency_per_raw_example_milliseconds": 3.820941484039443,
  "effective_document_stride": 128,
  "inference_energy_joules": 3281.6392305529116,
  "inference_runtime_seconds": 45.36603824000031,
  "joules_per_exact_match_correct_example": 0.4557199320306779,
  "joules_per_feature_window": 0.2704499118635991,
  "joules_per_inference_example": 0.2763951175400414,
  "joules_per_inference_token": 0.002361108958632818,
  "maximum_sequence_length": 384,
  "metrics_raw": {
    "HasAns_exact": 48.819163292847506,
    "HasAns_f1": 64.12056218479194,
    "HasAns_total": 5928,
    "NoAns_exact": 0.1345668629100084,
    "NoAns_f1": 0.1345668629100084,
    "NoAns_total": 5945,
    "best_exact": 61.73671355175608,
    "best_exact_thresh": 0.001089719939045608,
    "best_f1": 66.29864934942451,
    "best_f1_thresh": 0.01510012336075306,
    "exact": 24.442011286111345,
    "f1": 32.081756306868236,
    "total": 11873
  },
  "metrics_thresholded": {
    "HasAns_exact": 40.148448043184885,
    "HasAns_f1": 50.79643725423463,
    "HasAns_total": 5928,
    "NoAns_exact": 81.09335576114381,
    "NoAns_f1": 81.09335576114381,
    "NoAns_total": 5945,
    "best_exact": 61.73671355175608,
    "best_exact_thresh": 0.001089719939045608,
    "best_f1": 66.29864934942451,
    "best_f1_thresh": 0.01510012336075306,
    "exact": 60.650214773014405,
    "f1": 65.966586376072,
    "total": 11873
  },
  "no_answer_probability_threshold": 0.06458,
  "number_of_context_tokens_after_pruning": 1203294,
  "number_of_context_tokens_before_pruning": 1997658,
  "number_of_energy_samples": 202,
  "number_of_feature_windows": 12134,
  "number_of_inference_tokens": 1389872,
  "number_of_raw_evaluation_examples": 11873,
  "realized_context_keep_ratio": 0.6023523546072451,
  "token_pruning_keep_ratio": 0.6,
  "token_pruning_keep_ratio_label": "0.60"
}