label,precision,max_sequence_length,accuracy,f1,energy_per_example_j,energy_per_correct_j,average_latency_per_example_ms,peak_gpu_memory_mb
fp32,fp32,128,0.910390625,0.8781472431743333,0.2265751138105302,0.24887680912853227,3.1349355541405544,692.2392578125
fp16,fp16,128,0.910546875,0.8783597152873686,0.05842274005359428,0.06416225419871359,0.8182346735156898,795.1513671875
