{
  "average_latency_per_feature_window_milliseconds": 3.158985101965255,
  "average_latency_per_raw_example_milliseconds": 3.6557277268594794,
  "effective_document_stride": 128,
  "inference_energy_joules": 3089.1640790128718,
  "inference_runtime_seconds": 43.4044553010026,
  "joules_per_exact_match_correct_example": 0.3980368611020322,
  "joules_per_feature_window": 0.22482999119453215,
  "joules_per_inference_example": 0.26018395342481865,
  "joules_per_inference_token": 0.0012785486652573462,
  "maximum_sequence_length": 256,
  "metrics_raw": {
    "HasAns_exact": 71.52496626180837,
    "HasAns_f1": 79.44096850504033,
    "HasAns_total": 5928,
    "NoAns_exact": 0.0,
    "NoAns_f1": 0.0,
    "NoAns_total": 5945,
    "best_exact": 65.67000758022404,
    "best_exact_thresh": 0.15878203511238098,
    "best_f1": 68.07966174839144,
    "best_f1_thresh": 0.1613626927137375,
    "exact": 35.71127768887391,
    "f1": 39.663611664943915,
    "total": 11873
  },
  "metrics_thresholded": {
    "HasAns_exact": 51.180836707152494,
    "HasAns_f1": 55.2471319475798,
    "HasAns_total": 5928,
    "NoAns_exact": 79.51219512195122,
    "NoAns_f1": 79.51219512195122,
    "NoAns_total": 5945,
    "best_exact": 65.40891097447991,
    "best_exact_thresh": 0.06324780732393265,
    "best_f1": 67.4378517282802,
    "best_f1_thresh": 0.06324780732393265,
    "exact": 65.36679861871472,
    "f1": 67.39703513730758,
    "total": 11873
  },
  "no_answer_probability_threshold": 0.06458,
  "number_of_energy_samples": 191,
  "number_of_feature_windows": 13740,
  "number_of_inference_tokens": 2416149,
  "number_of_raw_evaluation_examples": 11873
}