label,max_sequence_length,accuracy,f1,energy_per_example_j,energy_per_correct_j,average_latency_per_example_ms,peak_gpu_memory_mb
max_sequence_length_128,128,0.90972050457581,0.8788904373216537,0.23117138514485505,0.2541125367429714,3.205555861513844,692.2392578125
max_sequence_length_96,96,0.90972050457581,0.8788904373216537,0.16598707760324416,0.18245942217235347,2.304878364135542,626.5830078125
max_sequence_length_64,64,0.9096957704674746,0.8788532368848924,0.11513203884657514,0.12656103566075838,1.5887723751420273,560.17626953125
max_sequence_length_48,48,0.9080138511006678,0.8765723009525074,0.08248856410526283,0.09084505044198676,1.1474369244125144,527.02001953125
max_sequence_length_40,40,0.9045510759337126,0.8718493673828579,0.07345929379267167,0.08121077487729939,1.022615394335879,510.45361328125
max_sequence_length_32,32,0.8945090279495425,0.8573721700163863,0.05958952585389296,0.06661702005455254,0.8283781296317568,493.89501953125
max_sequence_length_24,24,0.8530299282710858,0.7944798007747648,0.043713695927628374,0.05124520779268195,0.6251133453623277,477.34423828125
max_sequence_length_16,16,0.7310660400692555,0.5724173188092335,0.032437818107731775,0.044370571644469864,0.46481795238681156,460.80126953125
