{
  "average_latency_per_feature_window_milliseconds": 9.306101385528265,
  "average_latency_per_raw_example_milliseconds": 9.510674152446725,
  "effective_document_stride": 128,
  "inference_energy_joules": 8134.46910085201,
  "inference_runtime_seconds": 112.92023421199997,
  "joules_per_exact_match_correct_example": 0.9423620367066741,
  "joules_per_feature_window": 0.6703864431227963,
  "joules_per_inference_example": 0.6851233134719119,
  "joules_per_inference_token": 0.003724536245904121,
  "maximum_sequence_length": 384,
  "metrics_raw": {
    "HasAns_exact": 77.76653171390014,
    "HasAns_f1": 86.340095058822,
    "HasAns_total": 5928,
    "NoAns_exact": 0.0,
    "NoAns_f1": 0.0,
    "NoAns_total": 5945,
    "best_exact": 73.07335972374294,
    "best_exact_thresh": 0.007931219413876534,
    "best_f1": 76.08213023063142,
    "best_f1_thresh": 0.0972934439778328,
    "exact": 38.827592015497345,
    "f1": 43.10823578781242,
    "total": 11873
  },
  "metrics_thresholded": {
    "HasAns_exact": 66.59919028340082,
    "HasAns_f1": 73.06731066017753,
    "HasAns_total": 5928,
    "NoAns_exact": 78.78889823380993,
    "NoAns_f1": 78.78889823380993,
    "NoAns_total": 5945,
    "best_exact": 73.07335972374294,
    "best_exact_thresh": 0.007931219413876534,
    "best_f1": 76.0149141097194,
    "best_f1_thresh": 0.03517664968967438,
    "exact": 72.70277099300935,
    "f1": 75.93220058902824,
    "total": 11873
  },
  "model_parameter_dtype": "torch.float32",
  "no_answer_probability_threshold": 0.06458,
  "number_of_energy_samples": 499,
  "number_of_feature_windows": 12134,
  "number_of_inference_tokens": 2184022,
  "number_of_raw_evaluation_examples": 11873,
  "precision_mode": "fp32",
  "precision_skip_reason": null,
  "precision_supported": true
}