{
  "average_latency_per_feature_window_milliseconds": 2.7908202658668886,
  "average_latency_per_raw_example_milliseconds": 2.8521698901734043,
  "effective_document_stride": 128,
  "inference_energy_joules": 2416.544542907476,
  "inference_runtime_seconds": 33.86381310602883,
  "joules_per_exact_match_correct_example": 0.39505387328878144,
  "joules_per_feature_window": 0.19915481645850305,
  "joules_per_inference_example": 0.20353276702665513,
  "joules_per_inference_token": 0.0024388551901873097,
  "maximum_sequence_length": 384,
  "metrics_raw": {
    "HasAns_exact": 24.59514170040486,
    "HasAns_f1": 42.92338968984022,
    "HasAns_total": 5928,
    "NoAns_exact": 0.95878889823381,
    "NoAns_f1": 0.95878889823381,
    "NoAns_total": 5945,
    "best_exact": 52.68255706224206,
    "best_exact_thresh": 0.0012447828194126487,
    "best_f1": 56.151677944918276,
    "best_f1_thresh": 0.027898194268345833,
    "exact": 12.760043796849995,
    "f1": 21.91104641466966,
    "total": 11873
  },
  "metrics_thresholded": {
    "HasAns_exact": 16.261808367071524,
    "HasAns_f1": 25.16225418939668,
    "HasAns_total": 5928,
    "NoAns_exact": 86.67788057190917,
    "NoAns_f1": 86.67788057190917,
    "NoAns_total": 5945,
    "best_exact": 52.68255706224206,
    "best_exact_thresh": 0.0012447828194126487,
    "best_f1": 56.151677944918276,
    "best_f1_thresh": 0.027898194268345833,
    "exact": 51.520256043123055,
    "f1": 55.96410703568967,
    "total": 11873
  },
  "no_answer_probability_threshold": 0.06458,
  "number_of_context_tokens_after_pruning": 804075,
  "number_of_context_tokens_before_pruning": 1997658,
  "number_of_energy_samples": 150,
  "number_of_feature_windows": 12134,
  "number_of_inference_tokens": 990852,
  "number_of_raw_evaluation_examples": 11873,
  "realized_context_keep_ratio": 0.40250883784912134,
  "token_pruning_keep_ratio": 0.4,
  "token_pruning_keep_ratio_label": "0.40"
}