label,precision,max_sequence_length,accuracy,f1,energy_per_example_j,energy_per_correct_j,average_latency_per_example_ms,peak_gpu_memory_mb
fp32,fp32,128,0.90972050457581,0.8788904373216537,0.23052290749243665,0.2533997050005224,3.2050357718275824,692.2392578125
fp16,fp16,128,0.9097699727924808,0.8789487655959649,0.06360023429712819,0.06990803851429755,0.8861372938412097,795.1513671875
