{
  "average_latency_per_feature_window_milliseconds": 2.7469576280698607,
  "average_latency_per_raw_example_milliseconds": 2.807343035374353,
  "effective_document_stride": 128,
  "inference_energy_joules": 2381.4512101972095,
  "inference_runtime_seconds": 33.33158385899969,
  "joules_per_exact_match_correct_example": 0.37186933326002647,
  "joules_per_feature_window": 0.196262667726818,
  "joules_per_inference_example": 0.20057704120249387,
  "joules_per_inference_token": 0.0024037774955761207,
  "maximum_sequence_length": 384,
  "metrics_raw": {
    "HasAns_exact": 32.658569500674766,
    "HasAns_f1": 47.5271087960502,
    "HasAns_total": 5928,
    "NoAns_exact": 0.2523128679562658,
    "NoAns_f1": 0.2523128679562658,
    "NoAns_total": 5945,
    "best_exact": 55.52935231196833,
    "best_exact_thresh": 0.00027497130213305354,
    "best_f1": 58.7814043369172,
    "best_f1_thresh": 0.004865666851401329,
    "exact": 16.43224121957382,
    "f1": 23.85586633058078,
    "total": 11873
  },
  "metrics_thresholded": {
    "HasAns_exact": 25.05060728744939,
    "HasAns_f1": 34.28572371363974,
    "HasAns_total": 5928,
    "NoAns_exact": 82.74179983179143,
    "NoAns_f1": 82.74179983179143,
    "NoAns_total": 5945,
    "best_exact": 55.52935231196833,
    "best_exact_thresh": 0.00027497130213305354,
    "best_f1": 58.7814043369172,
    "best_f1_thresh": 0.004865666851401329,
    "exact": 53.93750526404447,
    "f1": 58.54845196449561,
    "total": 11873
  },
  "no_answer_probability_threshold": 0.06458,
  "number_of_context_tokens_after_pruning": 804075,
  "number_of_context_tokens_before_pruning": 1997658,
  "number_of_energy_samples": 149,
  "number_of_feature_windows": 12134,
  "number_of_inference_tokens": 990712,
  "number_of_raw_evaluation_examples": 11873,
  "realized_context_keep_ratio": 0.40250883784912134,
  "token_pruning_keep_ratio": 0.4,
  "token_pruning_keep_ratio_label": "0.40"
}