{
  "average_latency_per_feature_window_milliseconds": 7.090057494241013,
  "average_latency_per_raw_example_milliseconds": 7.723045024258319,
  "effective_document_stride": 128,
  "inference_energy_joules": 6588.5144719946375,
  "inference_runtime_seconds": 91.69571357301902,
  "joules_per_exact_match_correct_example": 0.7674449006400277,
  "joules_per_feature_window": 0.5094343518127764,
  "joules_per_inference_example": 0.5549157308173703,
  "joules_per_inference_token": 0.0028648455382665463,
  "maximum_sequence_length": 288,
  "metrics_raw": {
    "HasAns_exact": 77.51349527665317,
    "HasAns_f1": 85.324696227049,
    "HasAns_total": 5928,
    "NoAns_exact": 0.01682085786375105,
    "NoAns_f1": 0.01682085786375105,
    "NoAns_total": 5945,
    "best_exact": 72.42482944495914,
    "best_exact_thresh": 0.21105214953422546,
    "best_f1": 75.43636197721432,
    "best_f1_thresh": 0.21105214953422546,
    "exact": 38.70967741935484,
    "f1": 42.60968577730536,
    "total": 11873
  },
  "metrics_thresholded": {
    "HasAns_exact": 64.65924426450742,
    "HasAns_f1": 70.08038321904945,
    "HasAns_total": 5928,
    "NoAns_exact": 79.93271656854499,
    "NoAns_f1": 79.93271656854499,
    "NoAns_total": 5945,
    "best_exact": 72.35744967573486,
    "best_exact_thresh": 0.030872415751218796,
    "best_f1": 75.02202574939125,
    "best_f1_thresh": 0.06432472914457321,
    "exact": 72.30691484881665,
    "f1": 75.01360327823846,
    "total": 11873
  },
  "no_answer_probability_threshold": 0.06458,
  "number_of_energy_samples": 403,
  "number_of_feature_windows": 12933,
  "number_of_inference_tokens": 2299780,
  "number_of_raw_evaluation_examples": 11873
}